Respondent ID,Score,What is your grade level? ,"Have you received any formal instruction related to personal finance in school (e.g., budgeting, credit, loans, investing)?  ","If ""yes"" or ""unsure"", please describe briefly (e.g., what grades, topics, depth, etc)","  In your opinion, how important is it for high school students (ages 14-18) to learn about personal finance?  ","How confident do you feel in your ability to make basic personal finance decisions (e.g., budgeting, saving, understanding credit)?  ",1. What’s the most important first step in setting up a long-term financial plan? ,2. What’s a good example of using automation to manage your personal finances? ,3. What is the most responsible first move for building your credit? ,"4. When you can’t pay off your credit cards in full, what’s the smartest strategy to reduce your debt long-term? ","5. If you invest $100 a month starting at age 21 and earn 7% annually, what would your account balance be at age 91? ",6. Which of these statements accurately reflect the risks associated with investing? ,7.  Which metric best helps you compare the cost vs. benefit of college borrowing? ,8. What’s the most efficient method to eliminate student loan debt? ,9. What consequences are likely to occur if you default on your student loans? ,"10. When reviewing a loan application, lenders usually examine the following core areas:",11. Your monthly loan payments are based on:,"12. If inflation is 3%, what does that mean for your personal finances?",Is there anything else you'd like to share about your experience with and/or opinions on financial literacy education?  
0001,3 / 12,Junior (11th),No,,5,1,C. Open a basic savings account to begin earning interest.,"B. Direct deposit for paychecks, automated bill payments, auto-transfers to savings, and a budgeting app or platform",D. Both A and B,A. Pay a little more than the minimum monthly amount across all your credit cards.,"A. $141,598.","E. A, C, and D.",D. All of the above,C. Max out payments (within budget) on the highest interest loan,E. All of the Above,"A. Credit score, available savings, educational background, and job history","A. Annual Percentage Yield (APY), B. Interest rate charged, C. Annual Percentage Rate (APR), D. Loan duration",E. Not sure,
0002,7 / 12,Junior (11th),No,,4,4,"A. Define your life, career, and financial goals in writing",D. Avoid automating anything—manual tracking is more accurate,A. Take out a student loan or credit card and make all payments on time.,C. Pay the maximum you can afford on the card with the highest interest rate.,C. Over $1.5 million.,"E. A, C, and D.",B. Dollar-cost averaging for student debt,C. Max out payments (within budget) on the highest interest loan,E. All of the Above,"B. Credit history, equity, financial assets, and debt-to-income ratio","A. Annual Percentage Yield (APY), B. Interest rate charged, C. Annual Percentage Rate (APR), D. Loan duration",C. You need to earn 3% more in net income just to maintain your current standard of living,
0003,4 / 12,Junior (11th),No,,4,2,"A. Define your life, career, and financial goals in writing",A. Using a spreadsheet to list bills and writing down a monthly budget.,"B. Create a plan with a working budget, emergency fund, and repayment strategy.",B. Pay off the smallest balance first to gain momentum.,C. Over $1.5 million.,"E. A, C, and D.",D. All of the above,B. Target the smallest outstanding balances first to knock them out,E. All of the Above,"C. Home equity, cash flow, asset reports, and debt-to-liquidity ratio","A. Annual Percentage Yield (APY), B. Interest rate charged, C. Annual Percentage Rate (APR), D. Loan duration","A. Stocks, bonds, and mutual funds will automatically adjust by 3% to match inflation",
0004,7 / 12,Junior (11th),No,,5,4,"A. Define your life, career, and financial goals in writing",A. Using a spreadsheet to list bills and writing down a monthly budget.,D. Both A and B,C. Pay the maximum you can afford on the card with the highest interest rate.,C. Over $1.5 million.,"E. A, C, and D.",D. All of the above,C. Max out payments (within budget) on the highest interest loan,E. All of the Above,"B. Credit history, equity, financial assets, and debt-to-income ratio","A. Annual Percentage Yield (APY), B. Interest rate charged, C. Annual Percentage Rate (APR), D. Loan duration",C. You need to earn 3% more in net income just to maintain your current standard of living,
0005,2 / 12,Junior (11th),No,,5,2,C. Open a basic savings account to begin earning interest.,"B. Direct deposit for paychecks, automated bill payments, auto-transfers to savings, and a budgeting app or platform",A. Take out a student loan or credit card and make all payments on time.,E. Not sure,"B. Between $150,000–$225,000, depending on circumstances.",C. Investments in real estate are not liquid and cannot be sold quickly.,D. All of the above,D. Max out payments on the loan with the highest overall balance,E. All of the Above,"B. Credit history, equity, financial assets, and debt-to-income ratio","A. Annual Percentage Yield (APY), B. Interest rate charged, C. Annual Percentage Rate (APR), D. Loan duration",E. Not sure,
0006,5 / 12,Junior (11th),No,,5,3,"A. Define your life, career, and financial goals in writing",D. Avoid automating anything—manual tracking is more accurate,D. Both A and B,E. Not sure,D. None of the above.,"E. A, C, and D.",D. All of the above,C. Max out payments (within budget) on the highest interest loan,D. A and C,"B. Credit history, equity, financial assets, and debt-to-income ratio","A. Annual Percentage Yield (APY), B. Interest rate charged, C. Annual Percentage Rate (APR), D. Loan duration",E. Not sure,
0007,8 / 12,Junior (11th),No,,5,3,"A. Define your life, career, and financial goals in writing","B. Direct deposit for paychecks, automated bill payments, auto-transfers to savings, and a budgeting app or platform",C. Take a cash advance on a credit card and put the money in savings where it will earn interest.,C. Pay the maximum you can afford on the card with the highest interest rate.,C. Over $1.5 million.,"E. A, C, and D.",B. Dollar-cost averaging for student debt,C. Max out payments (within budget) on the highest interest loan,E. All of the Above,"B. Credit history, equity, financial assets, and debt-to-income ratio","A. Annual Percentage Yield (APY), B. Interest rate charged, C. Annual Percentage Rate (APR), D. Loan duration",C. You need to earn 3% more in net income just to maintain your current standard of living,
0008,9 / 12,Junior (11th),No,,4,3,"A. Define your life, career, and financial goals in writing","B. Direct deposit for paychecks, automated bill payments, auto-transfers to savings, and a budgeting app or platform","B. Create a plan with a working budget, emergency fund, and repayment strategy.",C. Pay the maximum you can afford on the card with the highest interest rate.,C. Over $1.5 million.,"E. A, C, and D.",C. Return on investment (ROI),C. Max out payments (within budget) on the highest interest loan,E. All of the Above,"A. Credit score, available savings, educational background, and job history","A. Annual Percentage Yield (APY), B. Interest rate charged, C. Annual Percentage Rate (APR), D. Loan duration",C. You need to earn 3% more in net income just to maintain your current standard of living,
0009,6 / 12,Sophomore (10th),No,,5,4,"A. Define your life, career, and financial goals in writing",A. Using a spreadsheet to list bills and writing down a monthly budget.,D. Both A and B,A. Pay a little more than the minimum monthly amount across all your credit cards.,C. Over $1.5 million.,"E. A, C, and D.",D. All of the above,A. Make slightly higher payments than the minimum on all your loans,D. A and C,"B. Credit history, equity, financial assets, and debt-to-income ratio","A. Annual Percentage Yield (APY), B. Interest rate charged, C. Annual Percentage Rate (APR), D. Loan duration",C. You need to earn 3% more in net income just to maintain your current standard of living,
0010,8 / 12,Sophomore (10th),No,,5,5,"A. Define your life, career, and financial goals in writing","B. Direct deposit for paychecks, automated bill payments, auto-transfers to savings, and a budgeting app or platform",A. Take out a student loan or credit card and make all payments on time.,C. Pay the maximum you can afford on the card with the highest interest rate.,C. Over $1.5 million.,"E. A, C, and D.",C. Return on investment (ROI),C. Max out payments (within budget) on the highest interest loan,E. All of the Above,"D. Liquidity, credit history, asset report scoring, and debt load","A. Annual Percentage Yield (APY), B. Interest rate charged, C. Annual Percentage Rate (APR), D. Loan duration",C. You need to earn 3% more in net income just to maintain your current standard of living,No
0011,7 / 12,Sophomore (10th),No,,5,4,"A. Define your life, career, and financial goals in writing","B. Direct deposit for paychecks, automated bill payments, auto-transfers to savings, and a budgeting app or platform",A. Take out a student loan or credit card and make all payments on time.,C. Pay the maximum you can afford on the card with the highest interest rate.,C. Over $1.5 million.,"E. A, C, and D.",B. Dollar-cost averaging for student debt,C. Max out payments (within budget) on the highest interest loan,E. All of the Above,"A. Credit score, available savings, educational background, and job history","B. Interest rate charged, C. Annual Percentage Rate (APR)",C. You need to earn 3% more in net income just to maintain your current standard of living,
0012,8 / 12,Junior (11th),Yes,Lowkey there was some element of this in every grade even in kindegarten we talked about saving vs spending but as I got older we went more in depth,3,3,"A. Define your life, career, and financial goals in writing","B. Direct deposit for paychecks, automated bill payments, auto-transfers to savings, and a budgeting app or platform","B. Create a plan with a working budget, emergency fund, and repayment strategy.",A. Pay a little more than the minimum monthly amount across all your credit cards.,D. None of the above.,"E. A, C, and D.",B. Dollar-cost averaging for student debt,C. Max out payments (within budget) on the highest interest loan,D. A and C,"B. Credit history, equity, financial assets, and debt-to-income ratio","A. Annual Percentage Yield (APY), B. Interest rate charged, C. Annual Percentage Rate (APR), D. Loan duration",C. You need to earn 3% more in net income just to maintain your current standard of living,
0013,4 / 12,Freshman (9th),No,,3,4,"A. Define your life, career, and financial goals in writing",D. Avoid automating anything—manual tracking is more accurate,"B. Create a plan with a working budget, emergency fund, and repayment strategy.",B. Pay off the smallest balance first to gain momentum.,"A. $141,598.","A. You could lose all your stock investment, and real estate losses can exceed your initial amount",D. All of the above,A. Make slightly higher payments than the minimum on all your loans,D. A and C,"D. Liquidity, credit history, asset report scoring, and debt load","B. Interest rate charged, C. Annual Percentage Rate (APR)",C. You need to earn 3% more in net income just to maintain your current standard of living,
0014,5 / 12,Junior (11th),No,,4,2,D. Review your credit score and payment history,"B. Direct deposit for paychecks, automated bill payments, auto-transfers to savings, and a budgeting app or platform",A. Take out a student loan or credit card and make all payments on time.,A. Pay a little more than the minimum monthly amount across all your credit cards.,"A. $141,598.","E. A, C, and D.",D. All of the above,C. Max out payments (within budget) on the highest interest loan,D. A and C,"B. Credit history, equity, financial assets, and debt-to-income ratio","B. Interest rate charged, C. Annual Percentage Rate (APR)",B. Retirement accounts like 401(k)s automatically account for inflation by 3%,
0015,5 / 12,Junior (11th),No,,4,2,"A. Define your life, career, and financial goals in writing",A. Using a spreadsheet to list bills and writing down a monthly budget.,D. Both A and B,C. Pay the maximum you can afford on the card with the highest interest rate.,"A. $141,598.","B. Losses are capped at 20% across stocks and real estate, so if you invest $10,000, the most you can lose is $2,000.",D. All of the above,C. Max out payments (within budget) on the highest interest loan,D. A and C,"C. Home equity, cash flow, asset reports, and debt-to-liquidity ratio",B. Interest rate charged,C. You need to earn 3% more in net income just to maintain your current standard of living,
0016,7 / 12,Junior (11th),Not sure,"Basic tax stuff in 8th that I don’t remember, mortgage and loan interest stuff in pre calc this year",5,4,C. Open a basic savings account to begin earning interest.,"B. Direct deposit for paychecks, automated bill payments, auto-transfers to savings, and a budgeting app or platform","B. Create a plan with a working budget, emergency fund, and repayment strategy.",C. Pay the maximum you can afford on the card with the highest interest rate.,C. Over $1.5 million.,"A. You could lose all your stock investment, and real estate losses can exceed your initial amount",D. All of the above,A. Make slightly higher payments than the minimum on all your loans,D. A and C,"B. Credit history, equity, financial assets, and debt-to-income ratio","A. Annual Percentage Yield (APY), B. Interest rate charged, C. Annual Percentage Rate (APR), D. Loan duration",C. You need to earn 3% more in net income just to maintain your current standard of living,
0017,7 / 12,Junior (11th),No,,5,4,"A. Define your life, career, and financial goals in writing","B. Direct deposit for paychecks, automated bill payments, auto-transfers to savings, and a budgeting app or platform","B. Create a plan with a working budget, emergency fund, and repayment strategy.",C. Pay the maximum you can afford on the card with the highest interest rate.,"A. $141,598.",C. Investments in real estate are not liquid and cannot be sold quickly.,A. College feasibility test,C. Max out payments (within budget) on the highest interest loan,E. All of the Above,"B. Credit history, equity, financial assets, and debt-to-income ratio","B. Interest rate charged, C. Annual Percentage Rate (APR)",C. You need to earn 3% more in net income just to maintain your current standard of living,
0018,6 / 12,Junior (11th),No,,4,2,C. Open a basic savings account to begin earning interest.,"B. Direct deposit for paychecks, automated bill payments, auto-transfers to savings, and a budgeting app or platform",D. Both A and B,C. Pay the maximum you can afford on the card with the highest interest rate.,"A. $141,598.","A. You could lose all your stock investment, and real estate losses can exceed your initial amount",D. All of the above,C. Max out payments (within budget) on the highest interest loan,D. A and C,"B. Credit history, equity, financial assets, and debt-to-income ratio","B. Interest rate charged, C. Annual Percentage Rate (APR)",C. You need to earn 3% more in net income just to maintain your current standard of living,
0019,4 / 12,Junior (11th),No,,4,2,"A. Define your life, career, and financial goals in writing","B. Direct deposit for paychecks, automated bill payments, auto-transfers to savings, and a budgeting app or platform",D. Both A and B,C. Pay the maximum you can afford on the card with the highest interest rate.,"A. $141,598.","A. You could lose all your stock investment, and real estate losses can exceed your initial amount",B. Dollar-cost averaging for student debt,C. Max out payments (within budget) on the highest interest loan,E. All of the Above,"D. Liquidity, credit history, asset report scoring, and debt load","B. Interest rate charged, C. Annual Percentage Rate (APR)",E. Not sure,
0020,4 / 12,Junior (11th),Yes,"In precalculus H is junior year, we learn formula for loan repayment and mortgages - explaining how the amount of money we need to pay back increases because of APR.",5,2,"A. Define your life, career, and financial goals in writing",A. Using a spreadsheet to list bills and writing down a monthly budget.,D. Both A and B,D. Pay the maximum payment on the card with the highest balance.,"A. $141,598.",C. Investments in real estate are not liquid and cannot be sold quickly.,B. Dollar-cost averaging for student debt,C. Max out payments (within budget) on the highest interest loan,D. A and C,"B. Credit history, equity, financial assets, and debt-to-income ratio","A. Annual Percentage Yield (APY), B. Interest rate charged, C. Annual Percentage Rate (APR), D. Loan duration",B. Retirement accounts like 401(k)s automatically account for inflation by 3%,
0021,7 / 12,Junior (11th),No,,4,2,"A. Define your life, career, and financial goals in writing","B. Direct deposit for paychecks, automated bill payments, auto-transfers to savings, and a budgeting app or platform",D. Both A and B,C. Pay the maximum you can afford on the card with the highest interest rate.,D. None of the above.,"E. A, C, and D.",D. All of the above,C. Max out payments (within budget) on the highest interest loan,D. A and C,"D. Liquidity, credit history, asset report scoring, and debt load","B. Interest rate charged, C. Annual Percentage Rate (APR)",C. You need to earn 3% more in net income just to maintain your current standard of living,
0022,8 / 12,Sophomore (10th),Not sure,,4,3,"A. Define your life, career, and financial goals in writing","B. Direct deposit for paychecks, automated bill payments, auto-transfers to savings, and a budgeting app or platform",A. Take out a student loan or credit card and make all payments on time.,C. Pay the maximum you can afford on the card with the highest interest rate.,C. Over $1.5 million.,"E. A, C, and D.",D. All of the above,C. Max out payments (within budget) on the highest interest loan,D. A and C,"D. Liquidity, credit history, asset report scoring, and debt load","B. Interest rate charged, C. Annual Percentage Rate (APR)",C. You need to earn 3% more in net income just to maintain your current standard of living,
0023,4 / 12,Junior (11th),No,,5,2,"A. Define your life, career, and financial goals in writing","B. Direct deposit for paychecks, automated bill payments, auto-transfers to savings, and a budgeting app or platform",D. Both A and B,D. Pay the maximum amount on the card with the highest balance.,"A. $141,598.","E. A, C, and D.",D. All of the above,A. Make slightly higher payments than the minimum on all your loans,D. A and C,"A. Credit score, available savings, educational background, and job history",C. Annual Percentage Rate (APR),D. You need to grow your savings by 3% every year to keep pace,I wish there was a class for it. 
0024,3 / 12,Junior (11th),No,,4,5,C. Open a basic savings account to begin earning interest.,"B. Direct deposit for paychecks, automated bill payments, auto-transfers to savings, and a budgeting app or platform",D. Both A and B,C. Pay the maximum you can afford on the card with the highest interest rate.,"B. Between $150,000–$225,000, depending on circumstances.","B. Losses are capped at 20% across stocks and real estate, so if you invest $10,000, the most you can lose is $2,000.",C. Return on investment (ROI),B. Target the smallest outstanding balances first to knock them out,C. The government may take your state and federal tax refunds to pay off your student loans,"A. Credit score, available savings, educational background, and job history","A. Annual Percentage Yield (APY), B. Interest rate charged",B. Retirement accounts like 401(k)s automatically account for inflation by 3%,No thanks
0025,2 / 12,Junior (11th),Not sure,Took a workshop on personal finance for 1 day,5,3,"A. Define your life, career, and financial goals in writing",A. Using a spreadsheet to list bills and writing down a monthly budget.,C. Take a cash advance on a credit card and deposit it to earn interest.,B. Pay off the smallest balance first to gain momentum.,C. Over $1.5 million.,"B. Losses are capped at 20% across stocks and real estate, so if you invest $10,000, the most you can lose is $2,000.",B. Dollar-cost averaging for student debt,D. Max out payments on the loan with the highest overall balance,E. All of the Above,"C. Home equity, cash flow, asset reports, and debt-to-liquidity ratio","B. Interest rate charged, C. Annual Percentage Rate (APR)",B. Retirement accounts like 401(k)s automatically account for inflation by 3%,
0026,4 / 12,Sophomore (10th),No,,4,3,C. Open a basic savings account to begin earning interest.,"B. Direct deposit for paychecks, automated bill payments, auto-transfers to savings, and a budgeting app or platform","B. Create a plan with a working budget, emergency fund, and repayment strategy.",A. Pay a little more than the minimum monthly amount across all your credit cards.,"A. $141,598.","E. A, C, and D.",D. All of the above,C. Max out payments (within budget) on the highest interest loan,E. All of the Above,"C. Home equity, cash flow, asset reports, and debt-to-liquidity ratio",A. Annual Percentage Yield (APY),"A. Stocks, bonds, and mutual funds will automatically adjust by 3% to match inflation",
0027,9 / 12,Junior (11th),Yes,Economics ap level,5,4,"A. Define your life, career, and financial goals in writing","B. Direct deposit for paychecks, automated bill payments, auto-transfers to savings, and a budgeting app or platform","B. Create a plan with a working budget, emergency fund, and repayment strategy.",A. Pay a little more than the minimum monthly amount across all your credit cards.,C. Over $1.5 million.,"E. A, C, and D.",D. All of the above,C. Max out payments (within budget) on the highest interest loan,D. A and C,"B. Credit history, equity, financial assets, and debt-to-income ratio","A. Annual Percentage Yield (APY), B. Interest rate charged",C. You need to earn 3% more in net income just to maintain your current standard of living,No
0028,4 / 12,Sophomore (10th),No,,5,3,"A. Define your life, career, and financial goals in writing",A. Using a spreadsheet to list bills and writing down a monthly budget.,D. Both A and B,C. Pay the maximum you can afford on the card with the highest interest rate.,"A. $141,598.","E. A, C, and D.",C. Return on investment (ROI),B. Target the smallest outstanding balances first to knock them out,C. The government may take your state and federal tax refunds to pay off your student loans,"C. Home equity, cash flow, asset reports, and debt-to-liquidity ratio","A. Annual Percentage Yield (APY), C. Annual Percentage Rate (APR)",B. Retirement accounts like 401(k)s automatically account for inflation by 3%,No
0029,5 / 12,Sophomore (10th),No,,5,2,C. Open a basic savings account to begin earning interest.,"B. Direct deposit for paychecks, automated bill payments, auto-transfers to savings, and a budgeting app or platform",D. Both A and B,E. Not sure,"A. $141,598.","A. You could lose all your stock investment, and real estate losses can exceed your initial amount",C. Return on investment (ROI),A. Make slightly higher payments than the minimum on all your loans,D. A and C,"B. Credit history, equity, financial assets, and debt-to-income ratio","A. Annual Percentage Yield (APY), B. Interest rate charged",C. You need to earn 3% more in net income just to maintain your current standard of living,
0030,7 / 12,Sophomore (10th),No,,5,1,"A. Define your life, career, and financial goals in writing",A. Using a spreadsheet to list bills and writing down a monthly budget.,D. Both A and B,A. Pay a little more than the minimum monthly amount across all your credit cards.,"A. $141,598.","E. A, C, and D.",C. Return on investment (ROI),C. Max out payments (within budget) on the highest interest loan,D. A and C,"B. Credit history, equity, financial assets, and debt-to-income ratio","B. Interest rate charged, C. Annual Percentage Rate (APR), D. Loan duration",C. You need to earn 3% more in net income just to maintain your current standard of living,
0031,5 / 12,Sophomore (10th),No,,4,4,"A. Define your life, career, and financial goals in writing","B. Direct deposit for paychecks, automated bill payments, auto-transfers to savings, and a budgeting app or platform",D. Both A and B,D. Pay the maximum amount on the card with the highest balance.,"A. $141,598.","E. A, C, and D.",D. All of the above,A. Make slightly higher payments than the minimum on all your loans,D. A and C,"B. Credit history, equity, financial assets, and debt-to-income ratio","A. Annual Percentage Yield (APY), B. Interest rate charged, C. Annual Percentage Rate (APR), D. Loan duration",D. You need to grow your savings by 3% every year to keep pace,
0032,11 / 12,Sophomore (10th),No,,4,3,"A. Define your life, career, and financial goals in writing","B. Direct deposit for paychecks, automated bill payments, auto-transfers to savings, and a budgeting app or platform",D. Both A and B,C. Pay the maximum you can afford on the card with the highest interest rate.,C. Over $1.5 million.,"E. A, C, and D.",C. Return on investment (ROI),C. Max out payments (within budget) on the highest interest loan,D. A and C,"B. Credit history, equity, financial assets, and debt-to-income ratio","B. Interest rate charged, D. Loan duration",C. You need to earn 3% more in net income just to maintain your current standard of living,I think it should be standard for high school 
0033,3 / 12,Sophomore (10th),No,,4,2,"A. Define your life, career, and financial goals in writing",C. Letting each service provider withdraw their monthly fees straight from your checking account.,D. Both A and B,A. Pay a little more than the minimum monthly amount across all your credit cards.,D. None of the above.,"E. A, C, and D.",D. All of the above,B. Target the smallest outstanding balances first to knock them out,A. The loan holder can take legal action against you,"B. Credit history, equity, financial assets, and debt-to-income ratio","B. Interest rate charged, C. Annual Percentage Rate (APR), D. Loan duration",E. Not sure,I have learned hardly anything about financial literacy in school
0034,4 / 12,Sophomore (10th),No,,5,2,C. Open a basic savings account to begin earning interest.,"B. Direct deposit for paychecks, automated bill payments, auto-transfers to savings, and a budgeting app or platform",D. Both A and B,C. Pay the maximum you can afford on the card with the highest interest rate.,"B. Between $150,000–$225,000, depending on circumstances.","E. A, C, and D.",D. All of the above,D. Max out payments on the loan with the highest overall balance,D. A and C,"A. Credit score, available savings, educational background, and job history","B. Interest rate charged, C. Annual Percentage Rate (APR)",E. Not sure,No
0035,7 / 12,Sophomore (10th),No,,4,1,D. Review your credit score and payment history,"B. Direct deposit for paychecks, automated bill payments, auto-transfers to savings, and a budgeting app or platform","B. Create a plan with a working budget, emergency fund, and repayment strategy.",C. Pay the maximum you can afford on the card with the highest interest rate.,C. Over $1.5 million.,"E. A, C, and D.",D. All of the above,C. Max out payments (within budget) on the highest interest loan,A. The loan holder can take legal action against you,"A. Credit score, available savings, educational background, and job history","B. Interest rate charged, C. Annual Percentage Rate (APR)",C. You need to earn 3% more in net income just to maintain your current standard of living,
0036,5 / 12,Sophomore (10th),No,,5,3,C. Open a basic savings account to begin earning interest.,"B. Direct deposit for paychecks, automated bill payments, auto-transfers to savings, and a budgeting app or platform",D. Both A and B,C. Pay the maximum you can afford on the card with the highest interest rate.,D. None of the above.,"B. Losses are capped at 20% across stocks and real estate, so if you invest $10,000, the most you can lose is $2,000.",C. Return on investment (ROI),B. Target the smallest outstanding balances first to knock them out,C. The government may take your state and federal tax refunds to pay off your student loans,"B. Credit history, equity, financial assets, and debt-to-income ratio",D. Loan duration,C. You need to earn 3% more in net income just to maintain your current standard of living,
0037,5 / 12,Junior (11th),No,,4,2,C. Open a basic savings account to begin earning interest.,A. Using a spreadsheet to list bills and writing down a monthly budget.,D. Both A and B,D. Pay the maximum amount on the card with the highest balance.,"B. Between $150,000–$225,000, depending on circumstances.","E. A, C, and D.",D. All of the above,C. Max out payments (within budget) on the highest interest loan,D. A and C,"B. Credit history, equity, financial assets, and debt-to-income ratio","B. Interest rate charged, C. Annual Percentage Rate (APR), D. Loan duration",C. You need to earn 3% more in net income just to maintain your current standard of living,
0038,0 / 12,Sophomore (10th),No,,4,4,D. Review your credit score and payment history,A. Using a spreadsheet to list bills and writing down a monthly budget.,D. Both A and B,E. Not sure,"B. Between $150,000–$225,000, depending on circumstances.","B. Losses are capped at 20% across stocks and real estate, so if you invest $10,000, the most you can lose is $2,000.",A. College feasibility test,D. Max out payments on the loan with the highest overall balance,C. The government may take your state and federal tax refunds to pay off your student loans,"D. Liquidity, credit history, asset report scoring, and debt load","A. Annual Percentage Yield (APY), C. Annual Percentage Rate (APR)",B. Retirement accounts like 401(k)s automatically account for inflation by 3%,
0039,6 / 12,Sophomore (10th),No,,4,1,C. Open a basic savings account to begin earning interest.,"B. Direct deposit for paychecks, automated bill payments, auto-transfers to savings, and a budgeting app or platform",D. Both A and B,C. Pay the maximum you can afford on the card with the highest interest rate.,C. Over $1.5 million.,C. Investments in real estate are not liquid and cannot be sold quickly.,C. Return on investment (ROI),C. Max out payments (within budget) on the highest interest loan,D. A and C,"C. Home equity, cash flow, asset reports, and debt-to-liquidity ratio",C. Annual Percentage Rate (APR),E. Not sure,
0040,6 / 12,Sophomore (10th),Yes,We did it in middle school FACS and in high school cooking.,4,3,C. Open a basic savings account to begin earning interest.,"B. Direct deposit for paychecks, automated bill payments, auto-transfers to savings, and a budgeting app or platform",D. Both A and B,B. Pay off the smallest balance first to gain momentum.,"A. $141,598.","E. A, C, and D.",C. Return on investment (ROI),B. Target the smallest outstanding balances first to knock them out,D. A and C,"B. Credit history, equity, financial assets, and debt-to-income ratio","A. Annual Percentage Yield (APY), B. Interest rate charged, C. Annual Percentage Rate (APR)",C. You need to earn 3% more in net income just to maintain your current standard of living,
0041,2 / 12,Sophomore (10th),No,,5,3,C. Open a basic savings account to begin earning interest.,"B. Direct deposit for paychecks, automated bill payments, auto-transfers to savings, and a budgeting app or platform",D. Both A and B,B. Pay off the smallest balance first to gain momentum.,D. None of the above.,C. Investments in real estate are not liquid and cannot be sold quickly.,D. All of the above,C. Max out payments (within budget) on the highest interest loan,B. You can file for bankruptcy to erase the debt,"C. Home equity, cash flow, asset reports, and debt-to-liquidity ratio","A. Annual Percentage Yield (APY), C. Annual Percentage Rate (APR)","A. Stocks, bonds, and mutual funds will automatically adjust by 3% to match inflation",
0042,6 / 12,Sophomore (10th),No,,5,3,C. Open a basic savings account to begin earning interest.,"B. Direct deposit for paychecks, automated bill payments, auto-transfers to savings, and a budgeting app or platform",D. Both A and B,A. Pay a little more than the minimum monthly amount across all your credit cards.,C. Over $1.5 million.,"E. A, C, and D.",D. All of the above,C. Max out payments (within budget) on the highest interest loan,D. A and C,"D. Liquidity, credit history, asset report scoring, and debt load","B. Interest rate charged, C. Annual Percentage Rate (APR)",C. You need to earn 3% more in net income just to maintain your current standard of living,
0043,7 / 12,Sophomore (10th),Yes,Basic budgeting and how to not waste money,5,4,D. Review your credit score and payment history,"B. Direct deposit for paychecks, automated bill payments, auto-transfers to savings, and a budgeting app or platform",D. Both A and B,C. Pay the maximum you can afford on the card with the highest interest rate.,C. Over $1.5 million.,"E. A, C, and D.",D. All of the above,C. Max out payments (within budget) on the highest interest loan,E. All of the Above,"B. Credit history, equity, financial assets, and debt-to-income ratio","A. Annual Percentage Yield (APY), B. Interest rate charged, C. Annual Percentage Rate (APR), D. Loan duration",C. You need to earn 3% more in net income just to maintain your current standard of living,
0044,3 / 12,Sophomore (10th),No,,5,4,C. Open a basic savings account to begin earning interest.,"B. Direct deposit for paychecks, automated bill payments, auto-transfers to savings, and a budgeting app or platform",D. Both A and B,B. Pay off the smallest balance first to gain momentum.,"A. $141,598.","E. A, C, and D.",D. All of the above,B. Target the smallest outstanding balances first to knock them out,D. A and C,"A. Credit score, available savings, educational background, and job history","A. Annual Percentage Yield (APY), B. Interest rate charged, C. Annual Percentage Rate (APR), D. Loan duration",B. Retirement accounts like 401(k)s automatically account for inflation by 3%,Idk
0045,4 / 12,Sophomore (10th),No,,5,3,C. Open a basic savings account to begin earning interest.,"B. Direct deposit for paychecks, automated bill payments, auto-transfers to savings, and a budgeting app or platform",D. Both A and B,A. Pay a little more than the minimum monthly amount across all your credit cards.,D. None of the above.,"E. A, C, and D.",C. Return on investment (ROI),B. Target the smallest outstanding balances first to knock them out,E. All of the Above,"A. Credit score, available savings, educational background, and job history",B. Interest rate charged,C. You need to earn 3% more in net income just to maintain your current standard of living,
0046,3 / 12,Sophomore (10th),No,,3,4,"A. Define your life, career, and financial goals in writing",C. Letting each service provider withdraw their monthly fees straight from your checking account.,"B. Create a plan with a working budget, emergency fund, and repayment strategy.",B. Pay off the smallest balance first to gain momentum.,"B. Between $150,000–$225,000, depending on circumstances.","B. Losses are capped at 20% across stocks and real estate, so if you invest $10,000, the most you can lose is $2,000.",D. All of the above,C. Max out payments (within budget) on the highest interest loan,C. The government may take your state and federal tax refunds to pay off your student loans,"A. Credit score, available savings, educational background, and job history","A. Annual Percentage Yield (APY), C. Annual Percentage Rate (APR)",E. Not sure,
0047,4 / 12,Junior (11th),No,,4,2,"A. Define your life, career, and financial goals in writing",A. Using a spreadsheet to list bills and writing down a monthly budget.,"B. Create a plan with a working budget, emergency fund, and repayment strategy.",A. Pay a little more than the minimum monthly amount across all your credit cards.,D. None of the above.,"E. A, C, and D.",D. All of the above,A. Make slightly higher payments than the minimum on all your loans,D. A and C,"A. Credit score, available savings, educational background, and job history","C. Annual Percentage Rate (APR), D. Loan duration",E. Not sure,
0048,4 / 12,Sophomore (10th),No,,4,2,D. Review your credit score and payment history,A. Using a spreadsheet to list bills and writing down a monthly budget.,D. Both A and B,A. Pay a little more than the minimum monthly amount across all your credit cards.,"A. $141,598.","E. A, C, and D.",D. All of the above,B. Target the smallest outstanding balances first to knock them out,D. A and C,"B. Credit history, equity, financial assets, and debt-to-income ratio","B. Interest rate charged, C. Annual Percentage Rate (APR)",C. You need to earn 3% more in net income just to maintain your current standard of living,I am absolutely doomed. 
0049,2 / 12,Sophomore (10th),Yes,,5,3,C. Open a basic savings account to begin earning interest.,D. Avoid automating anything—manual tracking is more accurate,D. Both A and B,C. Pay the maximum you can afford on the card with the highest interest rate.,C. Over $1.5 million.,"B. Losses are capped at 20% across stocks and real estate, so if you invest $10,000, the most you can lose is $2,000.",B. Dollar-cost averaging for student debt,B. Target the smallest outstanding balances first to knock them out,B. You can file for bankruptcy to erase the debt,"D. Liquidity, credit history, asset report scoring, and debt load",A. Annual Percentage Yield (APY),"A. Stocks, bonds, and mutual funds will automatically adjust by 3% to match inflation",no
0050,4 / 12,Sophomore (10th),No,,4,4,"A. Define your life, career, and financial goals in writing",A. Using a spreadsheet to list bills and writing down a monthly budget.,D. Both A and B,E. Not sure,"B. Between $150,000–$225,000, depending on circumstances.","E. A, C, and D.",D. All of the above,C. Max out payments (within budget) on the highest interest loan,E. All of the Above,"B. Credit history, equity, financial assets, and debt-to-income ratio","A. Annual Percentage Yield (APY), C. Annual Percentage Rate (APR)",B. Retirement accounts like 401(k)s automatically account for inflation by 3%,
0051,5 / 12,Sophomore (10th),No,,5,2,"A. Define your life, career, and financial goals in writing","B. Direct deposit for paychecks, automated bill payments, auto-transfers to savings, and a budgeting app or platform",D. Both A and B,E. Not sure,"B. Between $150,000–$225,000, depending on circumstances.","E. A, C, and D.",B. Dollar-cost averaging for student debt,B. Target the smallest outstanding balances first to knock them out,D. A and C,"B. Credit history, equity, financial assets, and debt-to-income ratio","B. Interest rate charged, C. Annual Percentage Rate (APR)","A. Stocks, bonds, and mutual funds will automatically adjust by 3% to match inflation",No
0052,4 / 12,Sophomore (10th),No,,4,2,"A. Define your life, career, and financial goals in writing",A. Using a spreadsheet to list bills and writing down a monthly budget.,D. Both A and B,A. Pay a little more than the minimum monthly amount across all your credit cards.,"A. $141,598.","E. A, C, and D.",D. All of the above,A. Make slightly higher payments than the minimum on all your loans,D. A and C,"A. Credit score, available savings, educational background, and job history","B. Interest rate charged, C. Annual Percentage Rate (APR), D. Loan duration",C. You need to earn 3% more in net income just to maintain your current standard of living,No
0053,5 / 12,Sophomore (10th),No,,4,3,C. Open a basic savings account to begin earning interest.,"B. Direct deposit for paychecks, automated bill payments, auto-transfers to savings, and a budgeting app or platform",D. Both A and B,E. Not sure,D. None of the above.,"E. A, C, and D.",C. Return on investment (ROI),C. Max out payments (within budget) on the highest interest loan,E. All of the Above,"B. Credit history, equity, financial assets, and debt-to-income ratio","B. Interest rate charged, C. Annual Percentage Rate (APR), D. Loan duration",E. Not sure,No
0054,3 / 12,Sophomore (10th),No,,5,4,"A. Define your life, career, and financial goals in writing",D. Avoid automating anything—manual tracking is more accurate,D. Both A and B,A. Pay a little more than the minimum monthly amount across all your credit cards.,"A. $141,598.","E. A, C, and D.",D. All of the above,D. Max out payments on the loan with the highest overall balance,E. All of the Above,"A. Credit score, available savings, educational background, and job history",A. Annual Percentage Yield (APY),C. You need to earn 3% more in net income just to maintain your current standard of living,
0055,3 / 12,Sophomore (10th),No,,5,3,C. Open a basic savings account to begin earning interest.,"B. Direct deposit for paychecks, automated bill payments, auto-transfers to savings, and a budgeting app or platform",D. Both A and B,A. Pay a little more than the minimum monthly amount across all your credit cards.,"B. Between $150,000–$225,000, depending on circumstances.","E. A, C, and D.",D. All of the above,A. Make slightly higher payments than the minimum on all your loans,D. A and C,"A. Credit score, available savings, educational background, and job history","A. Annual Percentage Yield (APY), C. Annual Percentage Rate (APR), D. Loan duration","A. Stocks, bonds, and mutual funds will automatically adjust by 3% to match inflation",no
0056,5 / 12,Sophomore (10th),No,,5,3,D. Review your credit score and payment history,A. Using a spreadsheet to list bills and writing down a monthly budget.,"B. Create a plan with a working budget, emergency fund, and repayment strategy.",B. Pay off the smallest balance first to gain momentum.,C. Over $1.5 million.,"E. A, C, and D.",B. Dollar-cost averaging for student debt,B. Target the smallest outstanding balances first to knock them out,C. The government may take your state and federal tax refunds to pay off your student loans,"B. Credit history, equity, financial assets, and debt-to-income ratio","B. Interest rate charged, C. Annual Percentage Rate (APR), D. Loan duration",C. You need to earn 3% more in net income just to maintain your current standard of living,
0057,4 / 12,Sophomore (10th),No,,5,2,C. Open a basic savings account to begin earning interest.,"B. Direct deposit for paychecks, automated bill payments, auto-transfers to savings, and a budgeting app or platform",D. Both A and B,C. Pay the maximum you can afford on the card with the highest interest rate.,"B. Between $150,000–$225,000, depending on circumstances.",C. Investments in real estate are not liquid and cannot be sold quickly.,C. Return on investment (ROI),B. Target the smallest outstanding balances first to knock them out,D. A and C,"C. Home equity, cash flow, asset reports, and debt-to-liquidity ratio",B. Interest rate charged,B. Retirement accounts like 401(k)s automatically account for inflation by 3%,
0058,7 / 12,Sophomore (10th),No,,5,3,"A. Define your life, career, and financial goals in writing",A. Using a spreadsheet to list bills and writing down a monthly budget.,D. Both A and B,C. Pay the maximum you can afford on the card with the highest interest rate.,"A. $141,598.","E. A, C, and D.",D. All of the above,C. Max out payments (within budget) on the highest interest loan,D. A and C,"B. Credit history, equity, financial assets, and debt-to-income ratio","C. Annual Percentage Rate (APR), D. Loan duration",C. You need to earn 3% more in net income just to maintain your current standard of living,
0059,5 / 12,Sophomore (10th),Yes,"8th grade, very surface level",5,3,"A. Define your life, career, and financial goals in writing",A. Using a spreadsheet to list bills and writing down a monthly budget.,D. Both A and B,E. Not sure,D. None of the above.,"E. A, C, and D.",D. All of the above,C. Max out payments (within budget) on the highest interest loan,D. A and C,"A. Credit score, available savings, educational background, and job history","B. Interest rate charged, C. Annual Percentage Rate (APR)",C. You need to earn 3% more in net income just to maintain your current standard of living,
0060,4 / 12,Sophomore (10th),No,,4,3,C. Open a basic savings account to begin earning interest.,"B. Direct deposit for paychecks, automated bill payments, auto-transfers to savings, and a budgeting app or platform",D. Both A and B,A. Pay a little more than the minimum monthly amount across all your credit cards.,"B. Between $150,000–$225,000, depending on circumstances.","E. A, C, and D.",C. Return on investment (ROI),B. Target the smallest outstanding balances first to knock them out,E. All of the Above,"A. Credit score, available savings, educational background, and job history",C. Annual Percentage Rate (APR),C. You need to earn 3% more in net income just to maintain your current standard of living,no
0061,5 / 12,Sophomore (10th),No,,4,3,C. Open a basic savings account to begin earning interest.,"B. Direct deposit for paychecks, automated bill payments, auto-transfers to savings, and a budgeting app or platform","B. Create a plan with a working budget, emergency fund, and repayment strategy.",E. Not sure,D. None of the above.,"E. A, C, and D.",C. Return on investment (ROI),A. Make slightly higher payments than the minimum on all your loans,B. You can file for bankruptcy to erase the debt,"B. Credit history, equity, financial assets, and debt-to-income ratio",C. Annual Percentage Rate (APR),B. Retirement accounts like 401(k)s automatically account for inflation by 3%,No
0062,4 / 12,Sophomore (10th),No,,5,5,"A. Define your life, career, and financial goals in writing","B. Direct deposit for paychecks, automated bill payments, auto-transfers to savings, and a budgeting app or platform","B. Create a plan with a working budget, emergency fund, and repayment strategy.",B. Pay off the smallest balance first to gain momentum.,D. None of the above.,"E. A, C, and D.",D. All of the above,D. Max out payments on the loan with the highest overall balance,E. All of the Above,"D. Liquidity, credit history, asset report scoring, and debt load","A. Annual Percentage Yield (APY), B. Interest rate charged, C. Annual Percentage Rate (APR), D. Loan duration",B. Retirement accounts like 401(k)s automatically account for inflation by 3%,No
0063,6 / 12,Sophomore (10th),No,,4,4,"A. Define your life, career, and financial goals in writing","B. Direct deposit for paychecks, automated bill payments, auto-transfers to savings, and a budgeting app or platform","B. Create a plan with a working budget, emergency fund, and repayment strategy.",C. Pay the maximum you can afford on the card with the highest interest rate.,"B. Between $150,000–$225,000, depending on circumstances.",C. Investments in real estate are not liquid and cannot be sold quickly.,C. Return on investment (ROI),B. Target the smallest outstanding balances first to knock them out,B. You can file for bankruptcy to erase the debt,"A. Credit score, available savings, educational background, and job history",C. Annual Percentage Rate (APR),C. You need to earn 3% more in net income just to maintain your current standard of living,
0064,8 / 12,Sophomore (10th),No,,5,4,"A. Define your life, career, and financial goals in writing",A. Using a spreadsheet to list bills and writing down a monthly budget.,"B. Create a plan with a working budget, emergency fund, and repayment strategy.",C. Pay the maximum you can afford on the card with the highest interest rate.,C. Over $1.5 million.,"E. A, C, and D.",D. All of the above,C. Max out payments (within budget) on the highest interest loan,D. A and C,"A. Credit score, available savings, educational background, and job history","C. Annual Percentage Rate (APR), D. Loan duration",C. You need to earn 3% more in net income just to maintain your current standard of living,
0065,3 / 12,Sophomore (10th),No,,5,1,"A. Define your life, career, and financial goals in writing",A. Using a spreadsheet to list bills and writing down a monthly budget.,D. Both A and B,E. Not sure,D. None of the above.,"E. A, C, and D.",D. All of the above,D. Max out payments on the loan with the highest overall balance,E. All of the Above,"D. Liquidity, credit history, asset report scoring, and debt load",D. Loan duration,C. You need to earn 3% more in net income just to maintain your current standard of living,No
0066,8 / 12,Sophomore (10th),Yes,Budgeting ,4,4,"A. Define your life, career, and financial goals in writing","B. Direct deposit for paychecks, automated bill payments, auto-transfers to savings, and a budgeting app or platform",D. Both A and B,C. Pay the maximum you can afford on the card with the highest interest rate.,C. Over $1.5 million.,D. Global political events can tank stock value overnight.,D. All of the above,C. Max out payments (within budget) on the highest interest loan,D. A and C,"B. Credit history, equity, financial assets, and debt-to-income ratio",D. Loan duration,C. You need to earn 3% more in net income just to maintain your current standard of living,
0067,4 / 12,Junior (11th),No,,4,3,C. Open a basic savings account to begin earning interest.,"B. Direct deposit for paychecks, automated bill payments, auto-transfers to savings, and a budgeting app or platform",D. Both A and B,A. Pay a little more than the minimum monthly amount across all your credit cards.,"A. $141,598.","E. A, C, and D.",D. All of the above,A. Make slightly higher payments than the minimum on all your loans,E. All of the Above,"B. Credit history, equity, financial assets, and debt-to-income ratio","B. Interest rate charged, C. Annual Percentage Rate (APR), D. Loan duration",C. You need to earn 3% more in net income just to maintain your current standard of living,ni
0068,4 / 12,Sophomore (10th),No,,5,3,C. Open a basic savings account to begin earning interest.,"B. Direct deposit for paychecks, automated bill payments, auto-transfers to savings, and a budgeting app or platform",D. Both A and B,C. Pay the maximum you can afford on the card with the highest interest rate.,"A. $141,598.",D. Global political events can tank stock value overnight.,C. Return on investment (ROI),C. Max out payments (within budget) on the highest interest loan,A. The loan holder can take legal action against you,"A. Credit score, available savings, educational background, and job history","B. Interest rate charged, C. Annual Percentage Rate (APR)",D. You need to grow your savings by 3% every year to keep pace,
0069,7 / 12,Sophomore (10th),No,,4,3,C. Open a basic savings account to begin earning interest.,A. Using a spreadsheet to list bills and writing down a monthly budget.,"B. Create a plan with a working budget, emergency fund, and repayment strategy.",E. Not sure,C. Over $1.5 million.,"E. A, C, and D.",C. Return on investment (ROI),C. Max out payments (within budget) on the highest interest loan,D. A and C,"B. Credit history, equity, financial assets, and debt-to-income ratio","B. Interest rate charged, C. Annual Percentage Rate (APR), D. Loan duration",E. Not sure,No
0070,4 / 12,Sophomore (10th),No,,4,3,C. Open a basic savings account to begin earning interest.,"B. Direct deposit for paychecks, automated bill payments, auto-transfers to savings, and a budgeting app or platform","B. Create a plan with a working budget, emergency fund, and repayment strategy.",A. Pay a little more than the minimum monthly amount across all your credit cards.,"B. Between $150,000–$225,000, depending on circumstances.",C. Investments in real estate are not liquid and cannot be sold quickly.,C. Return on investment (ROI),B. Target the smallest outstanding balances first to knock them out,A. The loan holder can take legal action against you,"A. Credit score, available savings, educational background, and job history","B. Interest rate charged, C. Annual Percentage Rate (APR)",C. You need to earn 3% more in net income just to maintain your current standard of living,
0071,5 / 12,Sophomore (10th),No,,5,3,B. Start buying stocks as early as possible.,"B. Direct deposit for paychecks, automated bill payments, auto-transfers to savings, and a budgeting app or platform",D. Both A and B,C. Pay the maximum you can afford on the card with the highest interest rate.,"B. Between $150,000–$225,000, depending on circumstances.","E. A, C, and D.",D. All of the above,A. Make slightly higher payments than the minimum on all your loans,D. A and C,"B. Credit history, equity, financial assets, and debt-to-income ratio","B. Interest rate charged, C. Annual Percentage Rate (APR)",E. Not sure,
0072,3 / 12,Sophomore (10th),Yes,Just a quick thing about budgeting in a learning workshop,4,3,"A. Define your life, career, and financial goals in writing",A. Using a spreadsheet to list bills and writing down a monthly budget.,D. Both A and B,C. Pay the maximum you can afford on the card with the highest interest rate.,"B. Between $150,000–$225,000, depending on circumstances.",D. Global political events can tank stock value overnight.,D. All of the above,B. Target the smallest outstanding balances first to knock them out,B. You can file for bankruptcy to erase the debt,"B. Credit history, equity, financial assets, and debt-to-income ratio","B. Interest rate charged, C. Annual Percentage Rate (APR)",E. Not sure,
0073,3 / 12,Junior (11th),Yes,I took a class during a exploring day for the high school where I learned about finance as an adult and how to budget ,4,3,C. Open a basic savings account to begin earning interest.,A. Using a spreadsheet to list bills and writing down a monthly budget.,D. Both A and B,C. Pay the maximum you can afford on the card with the highest interest rate.,"A. $141,598.","B. Losses are capped at 20% across stocks and real estate, so if you invest $10,000, the most you can lose is $2,000.",C. Return on investment (ROI),C. Max out payments (within budget) on the highest interest loan,B. You can file for bankruptcy to erase the debt,"C. Home equity, cash flow, asset reports, and debt-to-liquidity ratio",B. Interest rate charged,"A. Stocks, bonds, and mutual funds will automatically adjust by 3% to match inflation",No
0074,6 / 12,Junior (11th),No,,5,3,C. Open a basic savings account to begin earning interest.,"B. Direct deposit for paychecks, automated bill payments, auto-transfers to savings, and a budgeting app or platform",D. Both A and B,C. Pay the maximum you can afford on the card with the highest interest rate.,"A. $141,598.","E. A, C, and D.",D. All of the above,C. Max out payments (within budget) on the highest interest loan,A. The loan holder can take legal action against you,"B. Credit history, equity, financial assets, and debt-to-income ratio",C. Annual Percentage Rate (APR),C. You need to earn 3% more in net income just to maintain your current standard of living,
0075,6 / 12,Junior (11th),Yes,"Loosely covered in math and FACS in middle school, then in one optional workshop in high school",5,3,"A. Define your life, career, and financial goals in writing",A. Using a spreadsheet to list bills and writing down a monthly budget.,D. Both A and B,C. Pay the maximum you can afford on the card with the highest interest rate.,"A. $141,598.","E. A, C, and D.",D. All of the above,C. Max out payments (within budget) on the highest interest loan,A. The loan holder can take legal action against you,"B. Credit history, equity, financial assets, and debt-to-income ratio","B. Interest rate charged, C. Annual Percentage Rate (APR)",C. You need to earn 3% more in net income just to maintain your current standard of living,
0076,6 / 12,Junior (11th),No,,5,1,"A. Define your life, career, and financial goals in writing","B. Direct deposit for paychecks, automated bill payments, auto-transfers to savings, and a budgeting app or platform","B. Create a plan with a working budget, emergency fund, and repayment strategy.",E. Not sure,"A. $141,598.","E. A, C, and D.",D. All of the above,C. Max out payments (within budget) on the highest interest loan,A. The loan holder can take legal action against you,"A. Credit score, available savings, educational background, and job history",A. Annual Percentage Yield (APY),C. You need to earn 3% more in net income just to maintain your current standard of living,I literally know nothing about personal finance 
0077,5 / 12,Sophomore (10th),No,,4,5,"A. Define your life, career, and financial goals in writing","B. Direct deposit for paychecks, automated bill payments, auto-transfers to savings, and a budgeting app or platform","B. Create a plan with a working budget, emergency fund, and repayment strategy.",E. Not sure,"A. $141,598.","E. A, C, and D.",C. Return on investment (ROI),B. Target the smallest outstanding balances first to knock them out,E. All of the Above,"C. Home equity, cash flow, asset reports, and debt-to-liquidity ratio",A. Annual Percentage Yield (APY),E. Not sure,
0078,3 / 12,Sophomore (10th),No,,5,4,C. Open a basic savings account to begin earning interest.,"B. Direct deposit for paychecks, automated bill payments, auto-transfers to savings, and a budgeting app or platform",D. Both A and B,E. Not sure,"B. Between $150,000–$225,000, depending on circumstances.","E. A, C, and D.",D. All of the above,B. Target the smallest outstanding balances first to knock them out,E. All of the Above,"A. Credit score, available savings, educational background, and job history","B. Interest rate charged, D. Loan duration",E. Not sure,
0079,7 / 12,Sophomore (10th),No,,4,5,B. Start buying stocks as early as possible.,"B. Direct deposit for paychecks, automated bill payments, auto-transfers to savings, and a budgeting app or platform",D. Both A and B,A. Pay a little more than the minimum monthly amount across all your credit cards.,D. None of the above.,"E. A, C, and D.",C. Return on investment (ROI),A. Make slightly higher payments than the minimum on all your loans,D. A and C,"B. Credit history, equity, financial assets, and debt-to-income ratio","B. Interest rate charged, D. Loan duration",C. You need to earn 3% more in net income just to maintain your current standard of living,
0080,4 / 12,Sophomore (10th),No,,4,2,"A. Define your life, career, and financial goals in writing",A. Using a spreadsheet to list bills and writing down a monthly budget.,D. Both A and B,C. Pay the maximum you can afford on the card with the highest interest rate.,"B. Between $150,000–$225,000, depending on circumstances.",C. Investments in real estate are not liquid and cannot be sold quickly.,D. All of the above,C. Max out payments (within budget) on the highest interest loan,B. You can file for bankruptcy to erase the debt,"D. Liquidity, credit history, asset report scoring, and debt load","A. Annual Percentage Yield (APY), B. Interest rate charged",C. You need to earn 3% more in net income just to maintain your current standard of living,
0081,4 / 12,Sophomore (10th),No,,4,4,C. Open a basic savings account to begin earning interest.,A. Using a spreadsheet to list bills and writing down a monthly budget.,D. Both A and B,E. Not sure,"B. Between $150,000–$225,000, depending on circumstances.","E. A, C, and D.",D. All of the above,C. Max out payments (within budget) on the highest interest loan,D. A and C,"B. Credit history, equity, financial assets, and debt-to-income ratio","A. Annual Percentage Yield (APY), B. Interest rate charged, C. Annual Percentage Rate (APR), D. Loan duration",E. Not sure,
0082,3 / 12,Junior (11th),No,,4,5,C. Open a basic savings account to begin earning interest.,"B. Direct deposit for paychecks, automated bill payments, auto-transfers to savings, and a budgeting app or platform",D. Both A and B,A. Pay a little more than the minimum monthly amount across all your credit cards.,D. None of the above.,"E. A, C, and D.",D. All of the above,B. Target the smallest outstanding balances first to knock them out,E. All of the Above,"A. Credit score, available savings, educational background, and job history","A. Annual Percentage Yield (APY), B. Interest rate charged, C. Annual Percentage Rate (APR)",C. You need to earn 3% more in net income just to maintain your current standard of living,No
0083,4 / 12,Sophomore (10th),No,,4,3,"A. Define your life, career, and financial goals in writing",A. Using a spreadsheet to list bills and writing down a monthly budget.,D. Both A and B,A. Pay a little more than the minimum monthly amount across all your credit cards.,"B. Between $150,000–$225,000, depending on circumstances.","E. A, C, and D.",D. All of the above,A. Make slightly higher payments than the minimum on all your loans,D. A and C,"B. Credit history, equity, financial assets, and debt-to-income ratio",A. Annual Percentage Yield (APY),"A. Stocks, bonds, and mutual funds will automatically adjust by 3% to match inflation",no
0084,5 / 12,Sophomore (10th),No,,4,3,C. Open a basic savings account to begin earning interest.,D. Avoid automating anything—manual tracking is more accurate,"B. Create a plan with a working budget, emergency fund, and repayment strategy.",D. Pay the maximum amount on the card with the highest balance.,C. Over $1.5 million.,C. Investments in real estate are not liquid and cannot be sold quickly.,C. Return on investment (ROI),C. Max out payments (within budget) on the highest interest loan,D. A and C,"A. Credit score, available savings, educational background, and job history",A. Annual Percentage Yield (APY),D. You need to grow your savings by 3% every year to keep pace,
0085,3 / 12,Junior (11th),No,,5,1,"A. Define your life, career, and financial goals in writing","B. Direct deposit for paychecks, automated bill payments, auto-transfers to savings, and a budgeting app or platform","B. Create a plan with a working budget, emergency fund, and repayment strategy.",A. Pay a little more than the minimum monthly amount across all your credit cards.,"B. Between $150,000–$225,000, depending on circumstances.",C. Investments in real estate are not liquid and cannot be sold quickly.,B. Dollar-cost averaging for student debt,B. Target the smallest outstanding balances first to knock them out,B. You can file for bankruptcy to erase the debt,"C. Home equity, cash flow, asset reports, and debt-to-liquidity ratio","B. Interest rate charged, C. Annual Percentage Rate (APR)","A. Stocks, bonds, and mutual funds will automatically adjust by 3% to match inflation",
0086,6 / 12,Junior (11th),No,,4,2,D. Review your credit score and payment history,"B. Direct deposit for paychecks, automated bill payments, auto-transfers to savings, and a budgeting app or platform","B. Create a plan with a working budget, emergency fund, and repayment strategy.",C. Pay the maximum you can afford on the card with the highest interest rate.,D. None of the above.,"E. A, C, and D.",B. Dollar-cost averaging for student debt,C. Max out payments (within budget) on the highest interest loan,A. The loan holder can take legal action against you,"D. Liquidity, credit history, asset report scoring, and debt load","B. Interest rate charged, C. Annual Percentage Rate (APR), D. Loan duration",C. You need to earn 3% more in net income just to maintain your current standard of living,"I have gotten legit no financial literacy education, and I would like that to change "
0087,4 / 12,Sophomore (10th),No,,5,2,"A. Define your life, career, and financial goals in writing","B. Direct deposit for paychecks, automated bill payments, auto-transfers to savings, and a budgeting app or platform",D. Both A and B,B. Pay off the smallest balance first to gain momentum.,"B. Between $150,000–$225,000, depending on circumstances.","E. A, C, and D.",B. Dollar-cost averaging for student debt,C. Max out payments (within budget) on the highest interest loan,C. The government may take your state and federal tax refunds to pay off your student loans,"D. Liquidity, credit history, asset report scoring, and debt load","A. Annual Percentage Yield (APY), B. Interest rate charged, C. Annual Percentage Rate (APR)","A. Stocks, bonds, and mutual funds will automatically adjust by 3% to match inflation",No
0088,4 / 12,Junior (11th),Yes,8th grade FACS we got a little bit like how to write a check and stuff,4,3,"A. Define your life, career, and financial goals in writing",A. Using a spreadsheet to list bills and writing down a monthly budget.,D. Both A and B,E. Not sure,"A. $141,598.","E. A, C, and D.",D. All of the above,C. Max out payments (within budget) on the highest interest loan,D. A and C,"C. Home equity, cash flow, asset reports, and debt-to-liquidity ratio","A. Annual Percentage Yield (APY), B. Interest rate charged, C. Annual Percentage Rate (APR), D. Loan duration",E. Not sure,
0089,5 / 12,Sophomore (10th),No,,5,3,"A. Define your life, career, and financial goals in writing","B. Direct deposit for paychecks, automated bill payments, auto-transfers to savings, and a budgeting app or platform",D. Both A and B,A. Pay a little more than the minimum monthly amount across all your credit cards.,"B. Between $150,000–$225,000, depending on circumstances.","E. A, C, and D.",C. Return on investment (ROI),B. Target the smallest outstanding balances first to knock them out,D. A and C,"A. Credit score, available savings, educational background, and job history","B. Interest rate charged, C. Annual Percentage Rate (APR)",D. You need to grow your savings by 3% every year to keep pace,
0090,6 / 12,Sophomore (10th),No,,4,4,C. Open a basic savings account to begin earning interest.,"B. Direct deposit for paychecks, automated bill payments, auto-transfers to savings, and a budgeting app or platform",D. Both A and B,A. Pay a little more than the minimum monthly amount across all your credit cards.,"B. Between $150,000–$225,000, depending on circumstances.","E. A, C, and D.",B. Dollar-cost averaging for student debt,A. Make slightly higher payments than the minimum on all your loans,D. A and C,"B. Credit history, equity, financial assets, and debt-to-income ratio","B. Interest rate charged, D. Loan duration",C. You need to earn 3% more in net income just to maintain your current standard of living,
0091,7 / 12,Sophomore (10th),No,,4,3,"A. Define your life, career, and financial goals in writing","B. Direct deposit for paychecks, automated bill payments, auto-transfers to savings, and a budgeting app or platform",D. Both A and B,A. Pay a little more than the minimum monthly amount across all your credit cards.,"B. Between $150,000–$225,000, depending on circumstances.","E. A, C, and D.",B. Dollar-cost averaging for student debt,A. Make slightly higher payments than the minimum on all your loans,D. A and C,"B. Credit history, equity, financial assets, and debt-to-income ratio","B. Interest rate charged, D. Loan duration",C. You need to earn 3% more in net income just to maintain your current standard of living,
0092,8 / 12,Sophomore (10th),No,,4,4,"A. Define your life, career, and financial goals in writing","B. Direct deposit for paychecks, automated bill payments, auto-transfers to savings, and a budgeting app or platform",D. Both A and B,C. Pay the maximum you can afford on the card with the highest interest rate.,C. Over $1.5 million.,"E. A, C, and D.",D. All of the above,C. Max out payments (within budget) on the highest interest loan,E. All of the Above,"A. Credit score, available savings, educational background, and job history","B. Interest rate charged, D. Loan duration",C. You need to earn 3% more in net income just to maintain your current standard of living,
0093,2 / 12,Junior (11th),Yes,,4,4,C. Open a basic savings account to begin earning interest.,D. Avoid automating anything—manual tracking is more accurate,D. Both A and B,A. Pay a little more than the minimum monthly amount across all your credit cards.,D. None of the above.,"E. A, C, and D.",D. All of the above,A. Make slightly higher payments than the minimum on all your loans,D. A and C,"A. Credit score, available savings, educational background, and job history","B. Interest rate charged, C. Annual Percentage Rate (APR), D. Loan duration",E. Not sure,
0094,2 / 12,Junior (11th),No,,4,3,"A. Define your life, career, and financial goals in writing",A. Using a spreadsheet to list bills and writing down a monthly budget.,D. Both A and B,E. Not sure,"A. $141,598.","A. You could lose all your stock investment, and real estate losses can exceed your initial amount",D. All of the above,D. Max out payments on the loan with the highest overall balance,D. A and C,"A. Credit score, available savings, educational background, and job history","A. Annual Percentage Yield (APY), B. Interest rate charged, C. Annual Percentage Rate (APR), D. Loan duration",B. Retirement accounts like 401(k)s automatically account for inflation by 3%,No
0095,6 / 12,Sophomore (10th),Not sure,"Not in school, but I have done work/course relating to financial literacy ",5,3,C. Open a basic savings account to begin earning interest.,"B. Direct deposit for paychecks, automated bill payments, auto-transfers to savings, and a budgeting app or platform",D. Both A and B,C. Pay the maximum you can afford on the card with the highest interest rate.,"A. $141,598.","E. A, C, and D.",D. All of the above,C. Max out payments (within budget) on the highest interest loan,E. All of the Above,"A. Credit score, available savings, educational background, and job history","B. Interest rate charged, D. Loan duration",C. You need to earn 3% more in net income just to maintain your current standard of living,No
0096,6 / 12,Sophomore (10th),No,,5,2,D. Review your credit score and payment history,"B. Direct deposit for paychecks, automated bill payments, auto-transfers to savings, and a budgeting app or platform","B. Create a plan with a working budget, emergency fund, and repayment strategy.",E. Not sure,D. None of the above.,"E. A, C, and D.",D. All of the above,A. Make slightly higher payments than the minimum on all your loans,D. A and C,"B. Credit history, equity, financial assets, and debt-to-income ratio","A. Annual Percentage Yield (APY), C. Annual Percentage Rate (APR)",C. You need to earn 3% more in net income just to maintain your current standard of living,
0097,4 / 12,Sophomore (10th),Yes,Club,5,4,C. Open a basic savings account to begin earning interest.,A. Using a spreadsheet to list bills and writing down a monthly budget.,"B. Create a plan with a working budget, emergency fund, and repayment strategy.",B. Pay off the smallest balance first to gain momentum.,C. Over $1.5 million.,"E. A, C, and D.",C. Return on investment (ROI),B. Target the smallest outstanding balances first to knock them out,C. The government may take your state and federal tax refunds to pay off your student loans,"A. Credit score, available savings, educational background, and job history","A. Annual Percentage Yield (APY), B. Interest rate charged, C. Annual Percentage Rate (APR), D. Loan duration",D. You need to grow your savings by 3% every year to keep pace,
0098,5 / 12,Sophomore (10th),No,,5,4,C. Open a basic savings account to begin earning interest.,A. Using a spreadsheet to list bills and writing down a monthly budget.,D. Both A and B,A. Pay a little more than the minimum monthly amount across all your credit cards.,C. Over $1.5 million.,"E. A, C, and D.",D. All of the above,A. Make slightly higher payments than the minimum on all your loans,D. A and C,"B. Credit history, equity, financial assets, and debt-to-income ratio","A. Annual Percentage Yield (APY), B. Interest rate charged, C. Annual Percentage Rate (APR)",C. You need to earn 3% more in net income just to maintain your current standard of living,No
0099,4 / 12,Sophomore (10th),No,,3,2,"A. Define your life, career, and financial goals in writing",C. Letting each service provider withdraw their monthly fees straight from your checking account.,"B. Create a plan with a working budget, emergency fund, and repayment strategy.",A. Pay a little more than the minimum monthly amount across all your credit cards.,"B. Between $150,000–$225,000, depending on circumstances.","B. Losses are capped at 20% across stocks and real estate, so if you invest $10,000, the most you can lose is $2,000.",B. Dollar-cost averaging for student debt,C. Max out payments (within budget) on the highest interest loan,D. A and C,"D. Liquidity, credit history, asset report scoring, and debt load","A. Annual Percentage Yield (APY), B. Interest rate charged, C. Annual Percentage Rate (APR)",B. Retirement accounts like 401(k)s automatically account for inflation by 3%,NA
0100,7 / 12,Junior (11th),Yes,Personal Finance SUPA class,5,4,"A. Define your life, career, and financial goals in writing","B. Direct deposit for paychecks, automated bill payments, auto-transfers to savings, and a budgeting app or platform",D. Both A and B,D. Pay the maximum amount on the card with the highest balance.,C. Over $1.5 million.,"E. A, C, and D.",B. Dollar-cost averaging for student debt,C. Max out payments (within budget) on the highest interest loan,D. A and C,"A. Credit score, available savings, educational background, and job history","C. Annual Percentage Rate (APR), D. Loan duration",C. You need to earn 3% more in net income just to maintain your current standard of living,
0101,4 / 12,Sophomore (10th),No,,5,5,B. Start buying stocks as early as possible.,"B. Direct deposit for paychecks, automated bill payments, auto-transfers to savings, and a budgeting app or platform","B. Create a plan with a working budget, emergency fund, and repayment strategy.",B. Pay off the smallest balance first to gain momentum.,"A. $141,598.",D. Global political events can tank stock value overnight.,C. Return on investment (ROI),B. Target the smallest outstanding balances first to knock them out,D. A and C,"A. Credit score, available savings, educational background, and job history","A. Annual Percentage Yield (APY), C. Annual Percentage Rate (APR), D. Loan duration",D. You need to grow your savings by 3% every year to keep pace,
0102,3 / 12,Sophomore (10th),No,,2,4,C. Open a basic savings account to begin earning interest.,"B. Direct deposit for paychecks, automated bill payments, auto-transfers to savings, and a budgeting app or platform",D. Both A and B,B. Pay off the smallest balance first to gain momentum.,"B. Between $150,000–$225,000, depending on circumstances.","E. A, C, and D.",D. All of the above,B. Target the smallest outstanding balances first to knock them out,D. A and C,"D. Liquidity, credit history, asset report scoring, and debt load","A. Annual Percentage Yield (APY), D. Loan duration",E. Not sure,No
0103,5 / 12,Junior (11th),No,,5,3,B. Start buying stocks as early as possible.,"B. Direct deposit for paychecks, automated bill payments, auto-transfers to savings, and a budgeting app or platform","B. Create a plan with a working budget, emergency fund, and repayment strategy.",C. Pay the maximum you can afford on the card with the highest interest rate.,D. None of the above.,"A. You could lose all your stock investment, and real estate losses can exceed your initial amount",B. Dollar-cost averaging for student debt,C. Max out payments (within budget) on the highest interest loan,B. You can file for bankruptcy to erase the debt,"C. Home equity, cash flow, asset reports, and debt-to-liquidity ratio",C. Annual Percentage Rate (APR),C. You need to earn 3% more in net income just to maintain your current standard of living,
0104,5 / 12,Sophomore (10th),No,,4,3,"A. Define your life, career, and financial goals in writing","B. Direct deposit for paychecks, automated bill payments, auto-transfers to savings, and a budgeting app or platform",D. Both A and B,A. Pay a little more than the minimum monthly amount across all your credit cards.,"B. Between $150,000–$225,000, depending on circumstances.","E. A, C, and D.",D. All of the above,A. Make slightly higher payments than the minimum on all your loans,D. A and C,"A. Credit score, available savings, educational background, and job history","A. Annual Percentage Yield (APY), B. Interest rate charged, C. Annual Percentage Rate (APR), D. Loan duration",C. You need to earn 3% more in net income just to maintain your current standard of living,No
0105,6 / 12,Sophomore (10th),No,,3,3,"A. Define your life, career, and financial goals in writing",A. Using a spreadsheet to list bills and writing down a monthly budget.,D. Both A and B,A. Pay a little more than the minimum monthly amount across all your credit cards.,C. Over $1.5 million.,"E. A, C, and D.",C. Return on investment (ROI),A. Make slightly higher payments than the minimum on all your loans,D. A and C,"A. Credit score, available savings, educational background, and job history",B. Interest rate charged,C. You need to earn 3% more in net income just to maintain your current standard of living,
0106,6 / 12,Junior (11th),Yes,We went over credit cards and loans/ compounding interest,4,4,"A. Define your life, career, and financial goals in writing","B. Direct deposit for paychecks, automated bill payments, auto-transfers to savings, and a budgeting app or platform",D. Both A and B,A. Pay a little more than the minimum monthly amount across all your credit cards.,C. Over $1.5 million.,"E. A, C, and D.",D. All of the above,A. Make slightly higher payments than the minimum on all your loans,E. All of the Above,"B. Credit history, equity, financial assets, and debt-to-income ratio","A. Annual Percentage Yield (APY), B. Interest rate charged, C. Annual Percentage Rate (APR)",C. You need to earn 3% more in net income just to maintain your current standard of living,
0107,8 / 12,Sophomore (10th),Yes,"Very little, just some workshops",5,3,"A. Define your life, career, and financial goals in writing","B. Direct deposit for paychecks, automated bill payments, auto-transfers to savings, and a budgeting app or platform","B. Create a plan with a working budget, emergency fund, and repayment strategy.",C. Pay the maximum you can afford on the card with the highest interest rate.,"A. $141,598.","E. A, C, and D.",D. All of the above,C. Max out payments (within budget) on the highest interest loan,D. A and C,"A. Credit score, available savings, educational background, and job history",B. Interest rate charged,C. You need to earn 3% more in net income just to maintain your current standard of living,
0108,8 / 12,Junior (11th),No,,5,4,"A. Define your life, career, and financial goals in writing","B. Direct deposit for paychecks, automated bill payments, auto-transfers to savings, and a budgeting app or platform",D. Both A and B,C. Pay the maximum you can afford on the card with the highest interest rate.,C. Over $1.5 million.,"E. A, C, and D.",D. All of the above,C. Max out payments (within budget) on the highest interest loan,D. A and C,"A. Credit score, available savings, educational background, and job history","B. Interest rate charged, C. Annual Percentage Rate (APR), D. Loan duration",C. You need to earn 3% more in net income just to maintain your current standard of living,
0109,5 / 12,Junior (11th),No,,4,3,C. Open a basic savings account to begin earning interest.,"B. Direct deposit for paychecks, automated bill payments, auto-transfers to savings, and a budgeting app or platform","B. Create a plan with a working budget, emergency fund, and repayment strategy.",B. Pay off the smallest balance first to gain momentum.,"A. $141,598.","E. A, C, and D.",C. Return on investment (ROI),B. Target the smallest outstanding balances first to knock them out,D. A and C,"A. Credit score, available savings, educational background, and job history","A. Annual Percentage Yield (APY), C. Annual Percentage Rate (APR)","A. Stocks, bonds, and mutual funds will automatically adjust by 3% to match inflation",
0110,5 / 12,Sophomore (10th),Yes,in math a little with loans and stuff,4,2,C. Open a basic savings account to begin earning interest.,"B. Direct deposit for paychecks, automated bill payments, auto-transfers to savings, and a budgeting app or platform",D. Both A and B,C. Pay the maximum you can afford on the card with the highest interest rate.,"B. Between $150,000–$225,000, depending on circumstances.","A. You could lose all your stock investment, and real estate losses can exceed your initial amount",D. All of the above,C. Max out payments (within budget) on the highest interest loan,D. A and C,"B. Credit history, equity, financial assets, and debt-to-income ratio","B. Interest rate charged, C. Annual Percentage Rate (APR), D. Loan duration",D. You need to grow your savings by 3% every year to keep pace,
0111,5 / 12,Junior (11th),No,,4,3,C. Open a basic savings account to begin earning interest.,"B. Direct deposit for paychecks, automated bill payments, auto-transfers to savings, and a budgeting app or platform",D. Both A and B,C. Pay the maximum you can afford on the card with the highest interest rate.,"A. $141,598.","E. A, C, and D.",D. All of the above,C. Max out payments (within budget) on the highest interest loan,D. A and C,"D. Liquidity, credit history, asset report scoring, and debt load","A. Annual Percentage Yield (APY), B. Interest rate charged","A. Stocks, bonds, and mutual funds will automatically adjust by 3% to match inflation",
0112,6 / 12,Sophomore (10th),No,,4,3,"A. Define your life, career, and financial goals in writing","B. Direct deposit for paychecks, automated bill payments, auto-transfers to savings, and a budgeting app or platform",D. Both A and B,C. Pay the maximum you can afford on the card with the highest interest rate.,"B. Between $150,000–$225,000, depending on circumstances.","E. A, C, and D.",D. All of the above,B. Target the smallest outstanding balances first to knock them out,D. A and C,"A. Credit score, available savings, educational background, and job history","B. Interest rate charged, C. Annual Percentage Rate (APR), D. Loan duration",C. You need to earn 3% more in net income just to maintain your current standard of living,
0113,4 / 12,Sophomore (10th),No,,4,2,C. Open a basic savings account to begin earning interest.,"B. Direct deposit for paychecks, automated bill payments, auto-transfers to savings, and a budgeting app or platform",D. Both A and B,A. Pay a little more than the minimum monthly amount across all your credit cards.,C. Over $1.5 million.,"E. A, C, and D.",B. Dollar-cost averaging for student debt,A. Make slightly higher payments than the minimum on all your loans,D. A and C,"A. Credit score, available savings, educational background, and job history",B. Interest rate charged,D. You need to grow your savings by 3% every year to keep pace,
0114,5 / 12,Sophomore (10th),No,I haven’t,5,3,C. Open a basic savings account to begin earning interest.,"B. Direct deposit for paychecks, automated bill payments, auto-transfers to savings, and a budgeting app or platform",D. Both A and B,E. Not sure,D. None of the above.,"E. A, C, and D.",B. Dollar-cost averaging for student debt,C. Max out payments (within budget) on the highest interest loan,D. A and C,"A. Credit score, available savings, educational background, and job history",B. Interest rate charged,C. You need to earn 3% more in net income just to maintain your current standard of living,No
0115,4 / 12,Junior (11th),No,,5,3,"A. Define your life, career, and financial goals in writing","B. Direct deposit for paychecks, automated bill payments, auto-transfers to savings, and a budgeting app or platform",D. Both A and B,E. Not sure,D. None of the above.,"E. A, C, and D.",D. All of the above,D. Max out payments on the loan with the highest overall balance,D. A and C,"A. Credit score, available savings, educational background, and job history","C. Annual Percentage Rate (APR), D. Loan duration","A. Stocks, bonds, and mutual funds will automatically adjust by 3% to match inflation",
0116,8 / 12,Junior (11th),No,,5,4,C. Open a basic savings account to begin earning interest.,"B. Direct deposit for paychecks, automated bill payments, auto-transfers to savings, and a budgeting app or platform","B. Create a plan with a working budget, emergency fund, and repayment strategy.",C. Pay the maximum you can afford on the card with the highest interest rate.,"A. $141,598.","E. A, C, and D.",D. All of the above,C. Max out payments (within budget) on the highest interest loan,D. A and C,"B. Credit history, equity, financial assets, and debt-to-income ratio","A. Annual Percentage Yield (APY), C. Annual Percentage Rate (APR)",C. You need to earn 3% more in net income just to maintain your current standard of living,No
0117,6 / 12,Sophomore (10th),Yes,In math a few times,4,5,C. Open a basic savings account to begin earning interest.,"B. Direct deposit for paychecks, automated bill payments, auto-transfers to savings, and a budgeting app or platform",D. Both A and B,C. Pay the maximum you can afford on the card with the highest interest rate.,C. Over $1.5 million.,D. Global political events can tank stock value overnight.,B. Dollar-cost averaging for student debt,C. Max out payments (within budget) on the highest interest loan,D. A and C,"A. Credit score, available savings, educational background, and job history","C. Annual Percentage Rate (APR), D. Loan duration",C. You need to earn 3% more in net income just to maintain your current standard of living,
0118,2 / 12,Junior (11th),No,,4,4,C. Open a basic savings account to begin earning interest.,C. Letting each service provider withdraw their monthly fees straight from your checking account.,D. Both A and B,A. Pay a little more than the minimum monthly amount across all your credit cards.,D. None of the above.,"A. You could lose all your stock investment, and real estate losses can exceed your initial amount",B. Dollar-cost averaging for student debt,A. Make slightly higher payments than the minimum on all your loans,D. A and C,"A. Credit score, available savings, educational background, and job history","A. Annual Percentage Yield (APY), B. Interest rate charged, D. Loan duration",C. You need to earn 3% more in net income just to maintain your current standard of living,
0119,7 / 12,Junior (11th),Yes,Supa PFIN class ,5,4,"A. Define your life, career, and financial goals in writing",A. Using a spreadsheet to list bills and writing down a monthly budget.,"B. Create a plan with a working budget, emergency fund, and repayment strategy.",C. Pay the maximum you can afford on the card with the highest interest rate.,C. Over $1.5 million.,"E. A, C, and D.",D. All of the above,C. Max out payments (within budget) on the highest interest loan,A. The loan holder can take legal action against you,"A. Credit score, available savings, educational background, and job history","A. Annual Percentage Yield (APY), B. Interest rate charged, C. Annual Percentage Rate (APR), D. Loan duration",C. You need to earn 3% more in net income just to maintain your current standard of living,
0120,4 / 12,Sophomore (10th),Yes,We did taxes and made a budget in 8th grade,5,5,C. Open a basic savings account to begin earning interest.,"B. Direct deposit for paychecks, automated bill payments, auto-transfers to savings, and a budgeting app or platform","B. Create a plan with a working budget, emergency fund, and repayment strategy.",A. Pay a little more than the minimum monthly amount across all your credit cards.,"B. Between $150,000–$225,000, depending on circumstances.","B. Losses are capped at 20% across stocks and real estate, so if you invest $10,000, the most you can lose is $2,000.",D. All of the above,A. Make slightly higher payments than the minimum on all your loans,A. The loan holder can take legal action against you,"B. Credit history, equity, financial assets, and debt-to-income ratio","B. Interest rate charged, C. Annual Percentage Rate (APR)",C. You need to earn 3% more in net income just to maintain your current standard of living,
0121,1 / 12,Sophomore (10th),No,,3,4,C. Open a basic savings account to begin earning interest.,D. Avoid automating anything—manual tracking is more accurate,D. Both A and B,B. Pay off the smallest balance first to gain momentum.,D. None of the above.,"E. A, C, and D.",D. All of the above,A. Make slightly higher payments than the minimum on all your loans,E. All of the Above,"A. Credit score, available savings, educational background, and job history","A. Annual Percentage Yield (APY), B. Interest rate charged, C. Annual Percentage Rate (APR), D. Loan duration","A. Stocks, bonds, and mutual funds will automatically adjust by 3% to match inflation",No
0122,3 / 12,Junior (11th),Yes,"Formulas for loan payments, interest payments in math",4,3,C. Open a basic savings account to begin earning interest.,"B. Direct deposit for paychecks, automated bill payments, auto-transfers to savings, and a budgeting app or platform",D. Both A and B,A. Pay a little more than the minimum monthly amount across all your credit cards.,"A. $141,598.","E. A, C, and D.",B. Dollar-cost averaging for student debt,A. Make slightly higher payments than the minimum on all your loans,D. A and C,"A. Credit score, available savings, educational background, and job history","A. Annual Percentage Yield (APY), D. Loan duration",D. You need to grow your savings by 3% every year to keep pace,
0123,1 / 12,Sophomore (10th),No,,4,1,C. Open a basic savings account to begin earning interest.,A. Using a spreadsheet to list bills and writing down a monthly budget.,"B. Create a plan with a working budget, emergency fund, and repayment strategy.",E. Not sure,D. None of the above.,D. Global political events can tank stock value overnight.,D. All of the above,B. Target the smallest outstanding balances first to knock them out,E. All of the Above,"A. Credit score, available savings, educational background, and job history","A. Annual Percentage Yield (APY), B. Interest rate charged, C. Annual Percentage Rate (APR)",E. Not sure,
0124,5 / 12,Sophomore (10th),Yes,I got a very very very surface level overview of finances in 8th grade,4,4,"A. Define your life, career, and financial goals in writing","B. Direct deposit for paychecks, automated bill payments, auto-transfers to savings, and a budgeting app or platform","B. Create a plan with a working budget, emergency fund, and repayment strategy.",E. Not sure,C. Over $1.5 million.,"E. A, C, and D.",D. All of the above,A. Make slightly higher payments than the minimum on all your loans,E. All of the Above,"D. Liquidity, credit history, asset report scoring, and debt load","A. Annual Percentage Yield (APY), B. Interest rate charged",E. Not sure,No
0125,4 / 12,Sophomore (10th),Not sure,We covered a little budgeting in 8th grade but in school not mich else,5,4,C. Open a basic savings account to begin earning interest.,"B. Direct deposit for paychecks, automated bill payments, auto-transfers to savings, and a budgeting app or platform",D. Both A and B,A. Pay a little more than the minimum monthly amount across all your credit cards.,"A. $141,598.","E. A, C, and D.",D. All of the above,A. Make slightly higher payments than the minimum on all your loans,D. A and C,"B. Credit history, equity, financial assets, and debt-to-income ratio","B. Interest rate charged, C. Annual Percentage Rate (APR)",D. You need to grow your savings by 3% every year to keep pace,
0126,4 / 12,Junior (11th),No,,5,3,C. Open a basic savings account to begin earning interest.,"B. Direct deposit for paychecks, automated bill payments, auto-transfers to savings, and a budgeting app or platform",D. Both A and B,E. Not sure,D. None of the above.,"B. Losses are capped at 20% across stocks and real estate, so if you invest $10,000, the most you can lose is $2,000.",D. All of the above,A. Make slightly higher payments than the minimum on all your loans,D. A and C,"B. Credit history, equity, financial assets, and debt-to-income ratio","A. Annual Percentage Yield (APY), C. Annual Percentage Rate (APR)",C. You need to earn 3% more in net income just to maintain your current standard of living,I really would like to be more financially literate. I don’t know much
0127,4 / 12,Junior (11th),No,,5,2,C. Open a basic savings account to begin earning interest.,"B. Direct deposit for paychecks, automated bill payments, auto-transfers to savings, and a budgeting app or platform","B. Create a plan with a working budget, emergency fund, and repayment strategy.",A. Pay a little more than the minimum monthly amount across all your credit cards.,"A. $141,598.","E. A, C, and D.",D. All of the above,A. Make slightly higher payments than the minimum on all your loans,D. A and C,"A. Credit score, available savings, educational background, and job history",A. Annual Percentage Yield (APY),D. You need to grow your savings by 3% every year to keep pace,
0128,4 / 12,Junior (11th),Yes,Theres been a few finance units in classes.,4,3,D. Review your credit score and payment history,"B. Direct deposit for paychecks, automated bill payments, auto-transfers to savings, and a budgeting app or platform",D. Both A and B,A. Pay a little more than the minimum monthly amount across all your credit cards.,"B. Between $150,000–$225,000, depending on circumstances.","E. A, C, and D.",D. All of the above,A. Make slightly higher payments than the minimum on all your loans,D. A and C,"B. Credit history, equity, financial assets, and debt-to-income ratio",C. Annual Percentage Rate (APR),"A. Stocks, bonds, and mutual funds will automatically adjust by 3% to match inflation",
0129,6 / 12,Junior (11th),Not sure,I took an Econ class that talked a little bit about personal finances and we also talked about mortgages in my math class,5,2,"A. Define your life, career, and financial goals in writing",C. Letting each service provider withdraw their monthly fees straight from your checking account.,D. Both A and B,C. Pay the maximum you can afford on the card with the highest interest rate.,"A. $141,598.","E. A, C, and D.",D. All of the above,C. Max out payments (within budget) on the highest interest loan,D. A and C,"A. Credit score, available savings, educational background, and job history","B. Interest rate charged, C. Annual Percentage Rate (APR), D. Loan duration",C. You need to earn 3% more in net income just to maintain your current standard of living,
0130,6 / 12,Junior (11th),No,,5,2,"A. Define your life, career, and financial goals in writing","B. Direct deposit for paychecks, automated bill payments, auto-transfers to savings, and a budgeting app or platform","B. Create a plan with a working budget, emergency fund, and repayment strategy.",A. Pay a little more than the minimum monthly amount across all your credit cards.,C. Over $1.5 million.,"A. You could lose all your stock investment, and real estate losses can exceed your initial amount",C. Return on investment (ROI),A. Make slightly higher payments than the minimum on all your loans,D. A and C,"A. Credit score, available savings, educational background, and job history","B. Interest rate charged, C. Annual Percentage Rate (APR)",E. Not sure,I don’t have much experience
0131,4 / 12,Junior (11th),Not sure,We've gone into taxes and mortgages in Math but that's all really.,3,4,D. Review your credit score and payment history,A. Using a spreadsheet to list bills and writing down a monthly budget.,"B. Create a plan with a working budget, emergency fund, and repayment strategy.",E. Not sure,"B. Between $150,000–$225,000, depending on circumstances.","E. A, C, and D.",D. All of the above,A. Make slightly higher payments than the minimum on all your loans,D. A and C,"A. Credit score, available savings, educational background, and job history","A. Annual Percentage Yield (APY), B. Interest rate charged, C. Annual Percentage Rate (APR), D. Loan duration",C. You need to earn 3% more in net income just to maintain your current standard of living,
0132,6 / 12,Sophomore (10th),No,,5,3,C. Open a basic savings account to begin earning interest.,"B. Direct deposit for paychecks, automated bill payments, auto-transfers to savings, and a budgeting app or platform",D. Both A and B,C. Pay the maximum you can afford on the card with the highest interest rate.,C. Over $1.5 million.,"E. A, C, and D.",D. All of the above,C. Max out payments (within budget) on the highest interest loan,E. All of the Above,"B. Credit history, equity, financial assets, and debt-to-income ratio","B. Interest rate charged, C. Annual Percentage Rate (APR)",E. Not sure,no
0133,4 / 12,Junior (11th),No,,2,3,C. Open a basic savings account to begin earning interest.,A. Using a spreadsheet to list bills and writing down a monthly budget.,D. Both A and B,C. Pay the maximum you can afford on the card with the highest interest rate.,"B. Between $150,000–$225,000, depending on circumstances.","E. A, C, and D.",D. All of the above,A. Make slightly higher payments than the minimum on all your loans,D. A and C,"B. Credit history, equity, financial assets, and debt-to-income ratio","A. Annual Percentage Yield (APY), B. Interest rate charged, C. Annual Percentage Rate (APR), D. Loan duration",E. Not sure,
0134,6 / 12,Junior (11th),No,,4,3,"A. Define your life, career, and financial goals in writing","B. Direct deposit for paychecks, automated bill payments, auto-transfers to savings, and a budgeting app or platform",D. Both A and B,C. Pay the maximum you can afford on the card with the highest interest rate.,D. None of the above.,"E. A, C, and D.",D. All of the above,B. Target the smallest outstanding balances first to knock them out,D. A and C,"B. Credit history, equity, financial assets, and debt-to-income ratio","B. Interest rate charged, C. Annual Percentage Rate (APR)",E. Not sure,
0135,5 / 12,Junior (11th),No,,4,3,"A. Define your life, career, and financial goals in writing","B. Direct deposit for paychecks, automated bill payments, auto-transfers to savings, and a budgeting app or platform","B. Create a plan with a working budget, emergency fund, and repayment strategy.",A. Pay a little more than the minimum monthly amount across all your credit cards.,"A. $141,598.","B. Losses are capped at 20% across stocks and real estate, so if you invest $10,000, the most you can lose is $2,000.",B. Dollar-cost averaging for student debt,B. Target the smallest outstanding balances first to knock them out,B. You can file for bankruptcy to erase the debt,"B. Credit history, equity, financial assets, and debt-to-income ratio","B. Interest rate charged, C. Annual Percentage Rate (APR)",C. You need to earn 3% more in net income just to maintain your current standard of living,No
0136,3 / 12,Junior (11th),No,,4,3,"A. Define your life, career, and financial goals in writing",A. Using a spreadsheet to list bills and writing down a monthly budget.,D. Both A and B,D. Pay the maximum amount on the card with the highest balance.,"B. Between $150,000–$225,000, depending on circumstances.","B. Losses are capped at 20% across stocks and real estate, so if you invest $10,000, the most you can lose is $2,000.",B. Dollar-cost averaging for student debt,C. Max out payments (within budget) on the highest interest loan,B. You can file for bankruptcy to erase the debt,"D. Liquidity, credit history, asset report scoring, and debt load","B. Interest rate charged, D. Loan duration",B. Retirement accounts like 401(k)s automatically account for inflation by 3%,
0137,3 / 12,Junior (11th),No,,4,2,C. Open a basic savings account to begin earning interest.,A. Using a spreadsheet to list bills and writing down a monthly budget.,D. Both A and B,E. Not sure,D. None of the above.,D. Global political events can tank stock value overnight.,B. Dollar-cost averaging for student debt,B. Target the smallest outstanding balances first to knock them out,D. A and C,"B. Credit history, equity, financial assets, and debt-to-income ratio","A. Annual Percentage Yield (APY), B. Interest rate charged, C. Annual Percentage Rate (APR)",C. You need to earn 3% more in net income just to maintain your current standard of living,I have not been taught this 
0138,5 / 12,Junior (11th),No,,4,2,C. Open a basic savings account to begin earning interest.,A. Using a spreadsheet to list bills and writing down a monthly budget.,D. Both A and B,A. Pay a little more than the minimum monthly amount across all your credit cards.,C. Over $1.5 million.,"E. A, C, and D.",D. All of the above,A. Make slightly higher payments than the minimum on all your loans,D. A and C,"B. Credit history, equity, financial assets, and debt-to-income ratio","A. Annual Percentage Yield (APY), C. Annual Percentage Rate (APR)",C. You need to earn 3% more in net income just to maintain your current standard of living,
0139,8 / 12,Junior (11th),Yes,We talked a little in math class ,4,2,"A. Define your life, career, and financial goals in writing","B. Direct deposit for paychecks, automated bill payments, auto-transfers to savings, and a budgeting app or platform","B. Create a plan with a working budget, emergency fund, and repayment strategy.",C. Pay the maximum you can afford on the card with the highest interest rate.,"A. $141,598.","E. A, C, and D.",D. All of the above,C. Max out payments (within budget) on the highest interest loan,A. The loan holder can take legal action against you,"B. Credit history, equity, financial assets, and debt-to-income ratio",C. Annual Percentage Rate (APR),C. You need to earn 3% more in net income just to maintain your current standard of living,NA
0140,4 / 12,Junior (11th),No,,4,3,C. Open a basic savings account to begin earning interest.,"B. Direct deposit for paychecks, automated bill payments, auto-transfers to savings, and a budgeting app or platform",D. Both A and B,B. Pay off the smallest balance first to gain momentum.,D. None of the above.,"E. A, C, and D.",B. Dollar-cost averaging for student debt,B. Target the smallest outstanding balances first to knock them out,D. A and C,"D. Liquidity, credit history, asset report scoring, and debt load","A. Annual Percentage Yield (APY), B. Interest rate charged, C. Annual Percentage Rate (APR), D. Loan duration",C. You need to earn 3% more in net income just to maintain your current standard of living,I have gained little to no in formation at all about it from school. 
0141,7 / 12,Junior (11th),Yes,"Math, loans credit and investment ",4,4,"A. Define your life, career, and financial goals in writing","B. Direct deposit for paychecks, automated bill payments, auto-transfers to savings, and a budgeting app or platform",D. Both A and B,A. Pay a little more than the minimum monthly amount across all your credit cards.,"B. Between $150,000–$225,000, depending on circumstances.","E. A, C, and D.",D. All of the above,C. Max out payments (within budget) on the highest interest loan,D. A and C,"B. Credit history, equity, financial assets, and debt-to-income ratio","C. Annual Percentage Rate (APR), D. Loan duration",C. You need to earn 3% more in net income just to maintain your current standard of living,
0142,4 / 12,Junior (11th),No,,3,3,"A. Define your life, career, and financial goals in writing","B. Direct deposit for paychecks, automated bill payments, auto-transfers to savings, and a budgeting app or platform",D. Both A and B,A. Pay a little more than the minimum monthly amount across all your credit cards.,"A. $141,598.","E. A, C, and D.",D. All of the above,A. Make slightly higher payments than the minimum on all your loans,E. All of the Above,"B. Credit history, equity, financial assets, and debt-to-income ratio",C. Annual Percentage Rate (APR),D. You need to grow your savings by 3% every year to keep pace,
0143,4 / 12,Sophomore (10th),Not sure,I think we did a little bit of budgeting on middle school,5,3,C. Open a basic savings account to begin earning interest.,"B. Direct deposit for paychecks, automated bill payments, auto-transfers to savings, and a budgeting app or platform",D. Both A and B,A. Pay a little more than the minimum monthly amount across all your credit cards.,"B. Between $150,000–$225,000, depending on circumstances.","E. A, C, and D.",D. All of the above,A. Make slightly higher payments than the minimum on all your loans,D. A and C,"A. Credit score, available savings, educational background, and job history",C. Annual Percentage Rate (APR),C. You need to earn 3% more in net income just to maintain your current standard of living,
0144,8 / 12,Junior (11th),No,,5,2,"A. Define your life, career, and financial goals in writing","B. Direct deposit for paychecks, automated bill payments, auto-transfers to savings, and a budgeting app or platform",D. Both A and B,C. Pay the maximum you can afford on the card with the highest interest rate.,C. Over $1.5 million.,"E. A, C, and D.",B. Dollar-cost averaging for student debt,C. Max out payments (within budget) on the highest interest loan,E. All of the Above,"B. Credit history, equity, financial assets, and debt-to-income ratio","B. Interest rate charged, C. Annual Percentage Rate (APR)",C. You need to earn 3% more in net income just to maintain your current standard of living,"We don’t get ANY education on this stuff in school, and we desperately need it. I don’t know why we’re learning about damn polynomials when we can’t make a basic budget."
0145,2 / 12,Junior (11th),No,,5,3,C. Open a basic savings account to begin earning interest.,"B. Direct deposit for paychecks, automated bill payments, auto-transfers to savings, and a budgeting app or platform",D. Both A and B,A. Pay a little more than the minimum monthly amount across all your credit cards.,"B. Between $150,000–$225,000, depending on circumstances.","E. A, C, and D.",D. All of the above,B. Target the smallest outstanding balances first to knock them out,E. All of the Above,"A. Credit score, available savings, educational background, and job history","A. Annual Percentage Yield (APY), C. Annual Percentage Rate (APR)",E. Not sure,
0146,4 / 12,Sophomore (10th),No,,5,3,"A. Define your life, career, and financial goals in writing","B. Direct deposit for paychecks, automated bill payments, auto-transfers to savings, and a budgeting app or platform",D. Both A and B,B. Pay off the smallest balance first to gain momentum.,"B. Between $150,000–$225,000, depending on circumstances.",C. Investments in real estate are not liquid and cannot be sold quickly.,B. Dollar-cost averaging for student debt,C. Max out payments (within budget) on the highest interest loan,B. You can file for bankruptcy to erase the debt,"C. Home equity, cash flow, asset reports, and debt-to-liquidity ratio","B. Interest rate charged, C. Annual Percentage Rate (APR)",C. You need to earn 3% more in net income just to maintain your current standard of living,
0147,4 / 12,Sophomore (10th),Yes,Very in depth,5,4,C. Open a basic savings account to begin earning interest.,"B. Direct deposit for paychecks, automated bill payments, auto-transfers to savings, and a budgeting app or platform",D. Both A and B,B. Pay off the smallest balance first to gain momentum.,"A. $141,598.","E. A, C, and D.",D. All of the above,B. Target the smallest outstanding balances first to knock them out,D. A and C,"B. Credit history, equity, financial assets, and debt-to-income ratio",D. Loan duration,D. You need to grow your savings by 3% every year to keep pace,Ni
0148,6 / 12,Junior (11th),No,,3,2,"A. Define your life, career, and financial goals in writing","B. Direct deposit for paychecks, automated bill payments, auto-transfers to savings, and a budgeting app or platform",A. Take out a student loan or credit card and make all payments on time.,E. Not sure,D. None of the above.,"E. A, C, and D.",D. All of the above,C. Max out payments (within budget) on the highest interest loan,D. A and C,"B. Credit history, equity, financial assets, and debt-to-income ratio","A. Annual Percentage Yield (APY), B. Interest rate charged, C. Annual Percentage Rate (APR), D. Loan duration",E. Not sure,I guessed every question
0149,6 / 12,Junior (11th),Yes,It was a workshop,4,3,"A. Define your life, career, and financial goals in writing",A. Using a spreadsheet to list bills and writing down a monthly budget.,"B. Create a plan with a working budget, emergency fund, and repayment strategy.",A. Pay a little more than the minimum monthly amount across all your credit cards.,"B. Between $150,000–$225,000, depending on circumstances.","E. A, C, and D.",D. All of the above,C. Max out payments (within budget) on the highest interest loan,D. A and C,"B. Credit history, equity, financial assets, and debt-to-income ratio","A. Annual Percentage Yield (APY), C. Annual Percentage Rate (APR)","A. Stocks, bonds, and mutual funds will automatically adjust by 3% to match inflation",No
0150,5 / 12,Junior (11th),No,,4,3,C. Open a basic savings account to begin earning interest.,A. Using a spreadsheet to list bills and writing down a monthly budget.,D. Both A and B,C. Pay the maximum you can afford on the card with the highest interest rate.,C. Over $1.5 million.,"E. A, C, and D.",D. All of the above,C. Max out payments (within budget) on the highest interest loan,D. A and C,"A. Credit score, available savings, educational background, and job history","A. Annual Percentage Yield (APY), C. Annual Percentage Rate (APR), D. Loan duration","A. Stocks, bonds, and mutual funds will automatically adjust by 3% to match inflation",
0151,3 / 12,Junior (11th),No,Unsure ,4,3,"A. Define your life, career, and financial goals in writing",A. Using a spreadsheet to list bills and writing down a monthly budget.,"B. Create a plan with a working budget, emergency fund, and repayment strategy.",E. Not sure,"B. Between $150,000–$225,000, depending on circumstances.","B. Losses are capped at 20% across stocks and real estate, so if you invest $10,000, the most you can lose is $2,000.",D. All of the above,C. Max out payments (within budget) on the highest interest loan,E. All of the Above,"A. Credit score, available savings, educational background, and job history","A. Annual Percentage Yield (APY), C. Annual Percentage Rate (APR)",E. Not sure,
0152,1 / 12,Sophomore (10th),No,,3,3,"A. Define your life, career, and financial goals in writing",A. Using a spreadsheet to list bills and writing down a monthly budget.,A. Take out a student loan or credit card and make all payments on time.,A. Pay a little more than the minimum monthly amount across all your credit cards.,"A. $141,598.","A. You could lose all your stock investment, and real estate losses can exceed your initial amount",A. College feasibility test,A. Make slightly higher payments than the minimum on all your loans,A. The loan holder can take legal action against you,"A. Credit score, available savings, educational background, and job history",A. Annual Percentage Yield (APY),"A. Stocks, bonds, and mutual funds will automatically adjust by 3% to match inflation",
0153,6 / 12,Sophomore (10th),No,,5,4,"A. Define your life, career, and financial goals in writing","B. Direct deposit for paychecks, automated bill payments, auto-transfers to savings, and a budgeting app or platform",D. Both A and B,A. Pay a little more than the minimum monthly amount across all your credit cards.,C. Over $1.5 million.,"E. A, C, and D.",B. Dollar-cost averaging for student debt,C. Max out payments (within budget) on the highest interest loan,D. A and C,"A. Credit score, available savings, educational background, and job history","B. Interest rate charged, C. Annual Percentage Rate (APR), D. Loan duration","A. Stocks, bonds, and mutual funds will automatically adjust by 3% to match inflation",
0154,8 / 12,Junior (11th),Yes,One of our wellness workshops that we did in the fall was related mostly to budgeting and we learned about compound interest with investing.,5,3,"A. Define your life, career, and financial goals in writing","B. Direct deposit for paychecks, automated bill payments, auto-transfers to savings, and a budgeting app or platform",D. Both A and B,C. Pay the maximum you can afford on the card with the highest interest rate.,C. Over $1.5 million.,"E. A, C, and D.",D. All of the above,C. Max out payments (within budget) on the highest interest loan,D. A and C,"A. Credit score, available savings, educational background, and job history","C. Annual Percentage Rate (APR), D. Loan duration",C. You need to earn 3% more in net income just to maintain your current standard of living,
0155,1 / 12,Sophomore (10th),No,,4,2,"A. Define your life, career, and financial goals in writing",A. Using a spreadsheet to list bills and writing down a monthly budget.,D. Both A and B,E. Not sure,"A. $141,598.","B. Losses are capped at 20% across stocks and real estate, so if you invest $10,000, the most you can lose is $2,000.",B. Dollar-cost averaging for student debt,A. Make slightly higher payments than the minimum on all your loans,C. The government may take your state and federal tax refunds to pay off your student loans,"D. Liquidity, credit history, asset report scoring, and debt load",B. Interest rate charged,B. Retirement accounts like 401(k)s automatically account for inflation by 3%,
0156,7 / 12,Sophomore (10th),No,,3,4,"A. Define your life, career, and financial goals in writing","B. Direct deposit for paychecks, automated bill payments, auto-transfers to savings, and a budgeting app or platform","B. Create a plan with a working budget, emergency fund, and repayment strategy.",C. Pay the maximum you can afford on the card with the highest interest rate.,C. Over $1.5 million.,C. Investments in real estate are not liquid and cannot be sold quickly.,C. Return on investment (ROI),B. Target the smallest outstanding balances first to knock them out,E. All of the Above,"B. Credit history, equity, financial assets, and debt-to-income ratio","A. Annual Percentage Yield (APY), B. Interest rate charged",D. You need to grow your savings by 3% every year to keep pace,No
0157,7 / 12,Junior (11th),Yes,"My dad talks to me about stocks, bonds, and this weird bank thing he does all the time. He’s always talking to me about this stuff. Last year I took economics in school it was dreadfully boring.",2,4,C. Open a basic savings account to begin earning interest.,"B. Direct deposit for paychecks, automated bill payments, auto-transfers to savings, and a budgeting app or platform",A. Take out a student loan or credit card and make all payments on time.,C. Pay the maximum you can afford on the card with the highest interest rate.,C. Over $1.5 million.,"E. A, C, and D.",D. All of the above,C. Max out payments (within budget) on the highest interest loan,D. A and C,"A. Credit score, available savings, educational background, and job history","B. Interest rate charged, C. Annual Percentage Rate (APR), D. Loan duration",C. You need to earn 3% more in net income just to maintain your current standard of living,
0158,6 / 12,Sophomore (10th),No,,4,3,"A. Define your life, career, and financial goals in writing","B. Direct deposit for paychecks, automated bill payments, auto-transfers to savings, and a budgeting app or platform",D. Both A and B,E. Not sure,"B. Between $150,000–$225,000, depending on circumstances.","E. A, C, and D.",D. All of the above,D. Max out payments on the loan with the highest overall balance,D. A and C,"B. Credit history, equity, financial assets, and debt-to-income ratio",B. Interest rate charged,C. You need to earn 3% more in net income just to maintain your current standard of living,
0159,9 / 12,Sophomore (10th),No,,5,3,"A. Define your life, career, and financial goals in writing","B. Direct deposit for paychecks, automated bill payments, auto-transfers to savings, and a budgeting app or platform",D. Both A and B,C. Pay the maximum you can afford on the card with the highest interest rate.,C. Over $1.5 million.,"E. A, C, and D.",C. Return on investment (ROI),C. Max out payments (within budget) on the highest interest loan,B. You can file for bankruptcy to erase the debt,"B. Credit history, equity, financial assets, and debt-to-income ratio",C. Annual Percentage Rate (APR),C. You need to earn 3% more in net income just to maintain your current standard of living,No
0160,7 / 12,Sophomore (10th),Yes,I did a workshop on it where we got a few useful tips but that's it,5,2,C. Open a basic savings account to begin earning interest.,"B. Direct deposit for paychecks, automated bill payments, auto-transfers to savings, and a budgeting app or platform",D. Both A and B,C. Pay the maximum you can afford on the card with the highest interest rate.,C. Over $1.5 million.,"E. A, C, and D.",C. Return on investment (ROI),C. Max out payments (within budget) on the highest interest loan,D. A and C,"A. Credit score, available savings, educational background, and job history","C. Annual Percentage Rate (APR), D. Loan duration",D. You need to grow your savings by 3% every year to keep pace,I'm cooked
0161,5 / 12,Sophomore (10th),No,,4,2,C. Open a basic savings account to begin earning interest.,A. Using a spreadsheet to list bills and writing down a monthly budget.,D. Both A and B,A. Pay a little more than the minimum monthly amount across all your credit cards.,"B. Between $150,000–$225,000, depending on circumstances.","E. A, C, and D.",C. Return on investment (ROI),B. Target the smallest outstanding balances first to knock them out,D. A and C,"B. Credit history, equity, financial assets, and debt-to-income ratio",C. Annual Percentage Rate (APR),C. You need to earn 3% more in net income just to maintain your current standard of living,
0162,8 / 12,Sophomore (10th),No,,4,3,"A. Define your life, career, and financial goals in writing",A. Using a spreadsheet to list bills and writing down a monthly budget.,"B. Create a plan with a working budget, emergency fund, and repayment strategy.",C. Pay the maximum you can afford on the card with the highest interest rate.,C. Over $1.5 million.,"E. A, C, and D.",C. Return on investment (ROI),C. Max out payments (within budget) on the highest interest loan,D. A and C,"A. Credit score, available savings, educational background, and job history","B. Interest rate charged, C. Annual Percentage Rate (APR)",E. Not sure,"I don’t fully understand what stocks are, and why they’re worth money"
0163,2 / 12,Sophomore (10th),No,,4,2,B. Start buying stocks as early as possible.,A. Using a spreadsheet to list bills and writing down a monthly budget.,"B. Create a plan with a working budget, emergency fund, and repayment strategy.",A. Pay a little more than the minimum monthly amount across all your credit cards.,D. None of the above.,C. Investments in real estate are not liquid and cannot be sold quickly.,A. College feasibility test,C. Max out payments (within budget) on the highest interest loan,C. The government may take your state and federal tax refunds to pay off your student loans,"A. Credit score, available savings, educational background, and job history","A. Annual Percentage Yield (APY), D. Loan duration",E. Not sure,no 
0164,2 / 12,Junior (11th),No,,5,1,C. Open a basic savings account to begin earning interest.,A. Using a spreadsheet to list bills and writing down a monthly budget.,D. Both A and B,B. Pay off the smallest balance first to gain momentum.,"A. $141,598.","E. A, C, and D.",D. All of the above,D. Max out payments on the loan with the highest overall balance,E. All of the Above,"A. Credit score, available savings, educational background, and job history",B. Interest rate charged,C. You need to earn 3% more in net income just to maintain your current standard of living,B
0165,1 / 12,Junior (11th),Yes,a while ago (8th grade) we did a short project on how to do taxes i don't remember anything,5,1,C. Open a basic savings account to begin earning interest.,A. Using a spreadsheet to list bills and writing down a monthly budget.,D. Both A and B,E. Not sure,D. None of the above.,"E. A, C, and D.",D. All of the above,A. Make slightly higher payments than the minimum on all your loans,E. All of the Above,"D. Liquidity, credit history, asset report scoring, and debt load",C. Annual Percentage Rate (APR),E. Not sure,"i have no idea what i'm doing, i've learned stuff in precalc but they're just big formulas that i won't remember"
0166,5 / 12,Sophomore (10th),No,,4,4,D. Review your credit score and payment history,"B. Direct deposit for paychecks, automated bill payments, auto-transfers to savings, and a budgeting app or platform",D. Both A and B,A. Pay a little more than the minimum monthly amount across all your credit cards.,C. Over $1.5 million.,"E. A, C, and D.",D. All of the above,C. Max out payments (within budget) on the highest interest loan,D. A and C,"C. Home equity, cash flow, asset reports, and debt-to-liquidity ratio",B. Interest rate charged,D. You need to grow your savings by 3% every year to keep pace,
0167,7 / 12,Junior (11th),No,,4,2,C. Open a basic savings account to begin earning interest.,"B. Direct deposit for paychecks, automated bill payments, auto-transfers to savings, and a budgeting app or platform","B. Create a plan with a working budget, emergency fund, and repayment strategy.",E. Not sure,"B. Between $150,000–$225,000, depending on circumstances.","E. A, C, and D.",C. Return on investment (ROI),C. Max out payments (within budget) on the highest interest loan,D. A and C,"A. Credit score, available savings, educational background, and job history",C. Annual Percentage Rate (APR),C. You need to earn 3% more in net income just to maintain your current standard of living,
0168,4 / 12,Junior (11th),No,,1,3,"A. Define your life, career, and financial goals in writing","B. Direct deposit for paychecks, automated bill payments, auto-transfers to savings, and a budgeting app or platform",D. Both A and B,E. Not sure,D. None of the above.,"E. A, C, and D.",D. All of the above,B. Target the smallest outstanding balances first to knock them out,D. A and C,"C. Home equity, cash flow, asset reports, and debt-to-liquidity ratio","A. Annual Percentage Yield (APY), B. Interest rate charged, C. Annual Percentage Rate (APR), D. Loan duration","A. Stocks, bonds, and mutual funds will automatically adjust by 3% to match inflation",
0169,3 / 12,Junior (11th),No,,4,3,C. Open a basic savings account to begin earning interest.,"B. Direct deposit for paychecks, automated bill payments, auto-transfers to savings, and a budgeting app or platform",D. Both A and B,A. Pay a little more than the minimum monthly amount across all your credit cards.,"A. $141,598.","E. A, C, and D.",D. All of the above,A. Make slightly higher payments than the minimum on all your loans,D. A and C,"A. Credit score, available savings, educational background, and job history","B. Interest rate charged, C. Annual Percentage Rate (APR), D. Loan duration","A. Stocks, bonds, and mutual funds will automatically adjust by 3% to match inflation",
0170,7 / 12,Junior (11th),No,,5,4,"A. Define your life, career, and financial goals in writing","B. Direct deposit for paychecks, automated bill payments, auto-transfers to savings, and a budgeting app or platform",D. Both A and B,B. Pay off the smallest balance first to gain momentum.,"A. $141,598.","E. A, C, and D.",D. All of the above,B. Target the smallest outstanding balances first to knock them out,D. A and C,"B. Credit history, equity, financial assets, and debt-to-income ratio","B. Interest rate charged, D. Loan duration",C. You need to earn 3% more in net income just to maintain your current standard of living,
0171,4 / 12,Junior (11th),Yes,I just did a quick mortgage loan thing in math that taught us the importance of giving as much money as possible to reduce over all costs. ,5,2,C. Open a basic savings account to begin earning interest.,"B. Direct deposit for paychecks, automated bill payments, auto-transfers to savings, and a budgeting app or platform",A. Take out a student loan or credit card and make all payments on time.,A. Pay a little more than the minimum monthly amount across all your credit cards.,"B. Between $150,000–$225,000, depending on circumstances.","E. A, C, and D.",D. All of the above,D. Max out payments on the loan with the highest overall balance,D. A and C,"B. Credit history, equity, financial assets, and debt-to-income ratio","B. Interest rate charged, C. Annual Percentage Rate (APR), D. Loan duration",E. Not sure,I want to know as much as possible for adult hood and dont think i am close to being ready. 
0172,1 / 12,Sophomore (10th),No,,5,4,D. Review your credit score and payment history,A. Using a spreadsheet to list bills and writing down a monthly budget.,C. Take a cash advance on a credit card and deposit it to earn interest.,B. Pay off the smallest balance first to gain momentum.,"B. Between $150,000–$225,000, depending on circumstances.","E. A, C, and D.",D. All of the above,A. Make slightly higher payments than the minimum on all your loans,E. All of the Above,"A. Credit score, available savings, educational background, and job history","B. Interest rate charged, C. Annual Percentage Rate (APR), D. Loan duration","A. Stocks, bonds, and mutual funds will automatically adjust by 3% to match inflation",
0173,0 / 12,Junior (11th),No,,5,3,C. Open a basic savings account to begin earning interest.,A. Using a spreadsheet to list bills and writing down a monthly budget.,D. Both A and B,E. Not sure,"B. Between $150,000–$225,000, depending on circumstances.","B. Losses are capped at 20% across stocks and real estate, so if you invest $10,000, the most you can lose is $2,000.",A. College feasibility test,A. Make slightly higher payments than the minimum on all your loans,A. The loan holder can take legal action against you,"A. Credit score, available savings, educational background, and job history",A. Annual Percentage Yield (APY),"A. Stocks, bonds, and mutual funds will automatically adjust by 3% to match inflation",
0174,1 / 12,Sophomore (10th),No,Not really,4,3,B. Start buying stocks as early as possible.,D. Avoid automating anything—manual tracking is more accurate,C. Take a cash advance on a credit card and deposit it to earn interest.,D. Pay the maximum amount on the card with the highest balance.,"B. Between $150,000–$225,000, depending on circumstances.","B. Losses are capped at 20% across stocks and real estate, so if you invest $10,000, the most you can lose is $2,000.",C. Return on investment (ROI),D. Max out payments on the loan with the highest overall balance,C. The government may take your state and federal tax refunds to pay off your student loans,"D. Liquidity, credit history, asset report scoring, and debt load",B. Interest rate charged,D. You need to grow your savings by 3% every year to keep pace,Invest everything in bitcoin
0175,6 / 12,Junior (11th),Yes,A bit in precalc and in 8th grade but I forget ,5,5,C. Open a basic savings account to begin earning interest.,"B. Direct deposit for paychecks, automated bill payments, auto-transfers to savings, and a budgeting app or platform",D. Both A and B,C. Pay the maximum you can afford on the card with the highest interest rate.,"A. $141,598.","E. A, C, and D.",D. All of the above,C. Max out payments (within budget) on the highest interest loan,D. A and C,"A. Credit score, available savings, educational background, and job history","A. Annual Percentage Yield (APY), B. Interest rate charged, C. Annual Percentage Rate (APR), D. Loan duration",C. You need to earn 3% more in net income just to maintain your current standard of living,
0176,3 / 12,Sophomore (10th),No,,4,3,C. Open a basic savings account to begin earning interest.,"B. Direct deposit for paychecks, automated bill payments, auto-transfers to savings, and a budgeting app or platform",D. Both A and B,C. Pay the maximum you can afford on the card with the highest interest rate.,"B. Between $150,000–$225,000, depending on circumstances.","E. A, C, and D.",D. All of the above,A. Make slightly higher payments than the minimum on all your loans,E. All of the Above,"A. Credit score, available savings, educational background, and job history","B. Interest rate charged, C. Annual Percentage Rate (APR), D. Loan duration","A. Stocks, bonds, and mutual funds will automatically adjust by 3% to match inflation",
0177,6 / 12,Junior (11th),Not sure,It was a one day work shop where we learned a little about loans and interest. ,5,3,C. Open a basic savings account to begin earning interest.,"B. Direct deposit for paychecks, automated bill payments, auto-transfers to savings, and a budgeting app or platform",D. Both A and B,C. Pay the maximum you can afford on the card with the highest interest rate.,D. None of the above.,"E. A, C, and D.",C. Return on investment (ROI),C. Max out payments (within budget) on the highest interest loan,A. The loan holder can take legal action against you,"B. Credit history, equity, financial assets, and debt-to-income ratio",C. Annual Percentage Rate (APR),D. You need to grow your savings by 3% every year to keep pace,
0178,9 / 12,Senior (12th),No,,5,1,"A. Define your life, career, and financial goals in writing","B. Direct deposit for paychecks, automated bill payments, auto-transfers to savings, and a budgeting app or platform",D. Both A and B,C. Pay the maximum you can afford on the card with the highest interest rate.,"B. Between $150,000–$225,000, depending on circumstances.","E. A, C, and D.",D. All of the above,C. Max out payments (within budget) on the highest interest loan,D. A and C,"B. Credit history, equity, financial assets, and debt-to-income ratio","B. Interest rate charged, D. Loan duration",C. You need to earn 3% more in net income just to maintain your current standard of living,
0179,5 / 12,Sophomore (10th),No,,4,2,C. Open a basic savings account to begin earning interest.,"B. Direct deposit for paychecks, automated bill payments, auto-transfers to savings, and a budgeting app or platform",A. Take out a student loan or credit card and make all payments on time.,A. Pay a little more than the minimum monthly amount across all your credit cards.,"A. $141,598.","A. You could lose all your stock investment, and real estate losses can exceed your initial amount",C. Return on investment (ROI),A. Make slightly higher payments than the minimum on all your loans,D. A and C,"B. Credit history, equity, financial assets, and debt-to-income ratio","A. Annual Percentage Yield (APY), B. Interest rate charged, C. Annual Percentage Rate (APR), D. Loan duration",C. You need to earn 3% more in net income just to maintain your current standard of living,
0180,2 / 12,Sophomore (10th),No,,3,3,C. Open a basic savings account to begin earning interest.,"B. Direct deposit for paychecks, automated bill payments, auto-transfers to savings, and a budgeting app or platform",C. Take a cash advance on a credit card and deposit it to earn interest.,A. Pay a little more than the minimum monthly amount across all your credit cards.,D. None of the above.,"A. You could lose all your stock investment, and real estate losses can exceed your initial amount",A. College feasibility test,B. Target the smallest outstanding balances first to knock them out,C. The government may take your state and federal tax refunds to pay off your student loans,"B. Credit history, equity, financial assets, and debt-to-income ratio","B. Interest rate charged, C. Annual Percentage Rate (APR)",B. Retirement accounts like 401(k)s automatically account for inflation by 3%,No
0181,3 / 12,Sophomore (10th),No,,5,3,C. Open a basic savings account to begin earning interest.,"B. Direct deposit for paychecks, automated bill payments, auto-transfers to savings, and a budgeting app or platform",D. Both A and B,A. Pay a little more than the minimum monthly amount across all your credit cards.,"A. $141,598.","E. A, C, and D.",D. All of the above,A. Make slightly higher payments than the minimum on all your loans,D. A and C,"A. Credit score, available savings, educational background, and job history","B. Interest rate charged, C. Annual Percentage Rate (APR), D. Loan duration",E. Not sure,
0182,4 / 12,Junior (11th),No,,4,1,"A. Define your life, career, and financial goals in writing",A. Using a spreadsheet to list bills and writing down a monthly budget.,D. Both A and B,A. Pay a little more than the minimum monthly amount across all your credit cards.,D. None of the above.,"E. A, C, and D.",B. Dollar-cost averaging for student debt,C. Max out payments (within budget) on the highest interest loan,C. The government may take your state and federal tax refunds to pay off your student loans,"D. Liquidity, credit history, asset report scoring, and debt load","A. Annual Percentage Yield (APY), B. Interest rate charged, C. Annual Percentage Rate (APR)",C. You need to earn 3% more in net income just to maintain your current standard of living,
0183,5 / 12,Junior (11th),Yes,personal finance and advisory workshops,5,4,"A. Define your life, career, and financial goals in writing",D. Avoid automating anything—manual tracking is more accurate,D. Both A and B,C. Pay the maximum you can afford on the card with the highest interest rate.,C. Over $1.5 million.,"E. A, C, and D.",D. All of the above,A. Make slightly higher payments than the minimum on all your loans,A. The loan holder can take legal action against you,"A. Credit score, available savings, educational background, and job history",C. Annual Percentage Rate (APR),C. You need to earn 3% more in net income just to maintain your current standard of living,nope
0184,7 / 12,Junior (11th),Not sure,"We briefly went over the basics of how interest works in Pre-calculus, though I'm unsure if it counts as formal instruction.",4,3,"A. Define your life, career, and financial goals in writing",A. Using a spreadsheet to list bills and writing down a monthly budget.,D. Both A and B,C. Pay the maximum you can afford on the card with the highest interest rate.,D. None of the above.,"E. A, C, and D.",D. All of the above,C. Max out payments (within budget) on the highest interest loan,D. A and C,"B. Credit history, equity, financial assets, and debt-to-income ratio","B. Interest rate charged, C. Annual Percentage Rate (APR), D. Loan duration",C. You need to earn 3% more in net income just to maintain your current standard of living,
0185,4 / 12,Sophomore (10th),No,,5,2,C. Open a basic savings account to begin earning interest.,"B. Direct deposit for paychecks, automated bill payments, auto-transfers to savings, and a budgeting app or platform","B. Create a plan with a working budget, emergency fund, and repayment strategy.",A. Pay a little more than the minimum monthly amount across all your credit cards.,"A. $141,598.",D. Global political events can tank stock value overnight.,C. Return on investment (ROI),A. Make slightly higher payments than the minimum on all your loans,E. All of the Above,"B. Credit history, equity, financial assets, and debt-to-income ratio",C. Annual Percentage Rate (APR),"A. Stocks, bonds, and mutual funds will automatically adjust by 3% to match inflation",No
0186,4 / 12,Sophomore (10th),No,,5,2,"A. Define your life, career, and financial goals in writing",A. Using a spreadsheet to list bills and writing down a monthly budget.,"B. Create a plan with a working budget, emergency fund, and repayment strategy.",E. Not sure,"A. $141,598.","E. A, C, and D.",D. All of the above,A. Make slightly higher payments than the minimum on all your loans,E. All of the Above,"A. Credit score, available savings, educational background, and job history","B. Interest rate charged, C. Annual Percentage Rate (APR), D. Loan duration",C. You need to earn 3% more in net income just to maintain your current standard of living,
0187,4 / 12,Sophomore (10th),No,,3,4,C. Open a basic savings account to begin earning interest.,"B. Direct deposit for paychecks, automated bill payments, auto-transfers to savings, and a budgeting app or platform",D. Both A and B,C. Pay the maximum you can afford on the card with the highest interest rate.,"A. $141,598.",D. Global political events can tank stock value overnight.,B. Dollar-cost averaging for student debt,C. Max out payments (within budget) on the highest interest loan,A. The loan holder can take legal action against you,"A. Credit score, available savings, educational background, and job history",B. Interest rate charged,C. You need to earn 3% more in net income just to maintain your current standard of living,
0188,4 / 12,Sophomore (10th),No,,3,2,C. Open a basic savings account to begin earning interest.,A. Using a spreadsheet to list bills and writing down a monthly budget.,"B. Create a plan with a working budget, emergency fund, and repayment strategy.",A. Pay a little more than the minimum monthly amount across all your credit cards.,"B. Between $150,000–$225,000, depending on circumstances.","E. A, C, and D.",D. All of the above,A. Make slightly higher payments than the minimum on all your loans,D. A and C,"B. Credit history, equity, financial assets, and debt-to-income ratio","A. Annual Percentage Yield (APY), C. Annual Percentage Rate (APR)",E. Not sure,
0189,4 / 12,Sophomore (10th),Yes,Yes back in 8th grade but not that in depth they had to make it simpler so that middle schoolers could understand ,5,2,C. Open a basic savings account to begin earning interest.,"B. Direct deposit for paychecks, automated bill payments, auto-transfers to savings, and a budgeting app or platform",D. Both A and B,E. Not sure,D. None of the above.,"E. A, C, and D.",C. Return on investment (ROI),B. Target the smallest outstanding balances first to knock them out,C. The government may take your state and federal tax refunds to pay off your student loans,"A. Credit score, available savings, educational background, and job history","B. Interest rate charged, C. Annual Percentage Rate (APR), D. Loan duration",C. You need to earn 3% more in net income just to maintain your current standard of living,I feel like I need to learn way more 
0190,3 / 12,Junior (11th),No,,5,4,"A. Define your life, career, and financial goals in writing","B. Direct deposit for paychecks, automated bill payments, auto-transfers to savings, and a budgeting app or platform",D. Both A and B,A. Pay a little more than the minimum monthly amount across all your credit cards.,C. Over $1.5 million.,"A. You could lose all your stock investment, and real estate losses can exceed your initial amount",D. All of the above,A. Make slightly higher payments than the minimum on all your loans,E. All of the Above,"A. Credit score, available savings, educational background, and job history","B. Interest rate charged, C. Annual Percentage Rate (APR), D. Loan duration","A. Stocks, bonds, and mutual funds will automatically adjust by 3% to match inflation",No
0191,6 / 12,Junior (11th),No,,5,5,C. Open a basic savings account to begin earning interest.,"B. Direct deposit for paychecks, automated bill payments, auto-transfers to savings, and a budgeting app or platform",D. Both A and B,C. Pay the maximum you can afford on the card with the highest interest rate.,"B. Between $150,000–$225,000, depending on circumstances.","E. A, C, and D.",D. All of the above,C. Max out payments (within budget) on the highest interest loan,D. A and C,"A. Credit score, available savings, educational background, and job history","B. Interest rate charged, C. Annual Percentage Rate (APR), D. Loan duration",C. You need to earn 3% more in net income just to maintain your current standard of living,
0192,5 / 12,Junior (11th),No,,4,2,C. Open a basic savings account to begin earning interest.,"B. Direct deposit for paychecks, automated bill payments, auto-transfers to savings, and a budgeting app or platform",C. Take a cash advance on a credit card and deposit it to earn interest.,B. Pay off the smallest balance first to gain momentum.,C. Over $1.5 million.,"B. Losses are capped at 20% across stocks and real estate, so if you invest $10,000, the most you can lose is $2,000.",B. Dollar-cost averaging for student debt,C. Max out payments (within budget) on the highest interest loan,C. The government may take your state and federal tax refunds to pay off your student loans,"B. Credit history, equity, financial assets, and debt-to-income ratio","B. Interest rate charged, C. Annual Percentage Rate (APR)",C. You need to earn 3% more in net income just to maintain your current standard of living,No
0193,3 / 12,Sophomore (10th),No,,5,2,D. Review your credit score and payment history,"B. Direct deposit for paychecks, automated bill payments, auto-transfers to savings, and a budgeting app or platform",D. Both A and B,E. Not sure,"B. Between $150,000–$225,000, depending on circumstances.","E. A, C, and D.",D. All of the above,B. Target the smallest outstanding balances first to knock them out,A. The loan holder can take legal action against you,"A. Credit score, available savings, educational background, and job history",C. Annual Percentage Rate (APR),C. You need to earn 3% more in net income just to maintain your current standard of living,No
0194,2 / 12,Sophomore (10th),No,,4,3,C. Open a basic savings account to begin earning interest.,A. Using a spreadsheet to list bills and writing down a monthly budget.,D. Both A and B,C. Pay the maximum you can afford on the card with the highest interest rate.,"B. Between $150,000–$225,000, depending on circumstances.","E. A, C, and D.",D. All of the above,D. Max out payments on the loan with the highest overall balance,A. The loan holder can take legal action against you,"A. Credit score, available savings, educational background, and job history","A. Annual Percentage Yield (APY), D. Loan duration","A. Stocks, bonds, and mutual funds will automatically adjust by 3% to match inflation",No
0195,4 / 12,Sophomore (10th),Not sure,Economics,3,3,C. Open a basic savings account to begin earning interest.,"B. Direct deposit for paychecks, automated bill payments, auto-transfers to savings, and a budgeting app or platform",D. Both A and B,B. Pay off the smallest balance first to gain momentum.,"B. Between $150,000–$225,000, depending on circumstances.","E. A, C, and D.",C. Return on investment (ROI),B. Target the smallest outstanding balances first to knock them out,E. All of the Above,"A. Credit score, available savings, educational background, and job history","B. Interest rate charged, D. Loan duration",B. Retirement accounts like 401(k)s automatically account for inflation by 3%,
0196,5 / 12,Sophomore (10th),No,NA,4,3,"A. Define your life, career, and financial goals in writing",A. Using a spreadsheet to list bills and writing down a monthly budget.,D. Both A and B,D. Pay the maximum amount on the card with the highest balance.,C. Over $1.5 million.,"E. A, C, and D.",D. All of the above,D. Max out payments on the loan with the highest overall balance,D. A and C,"A. Credit score, available savings, educational background, and job history","B. Interest rate charged, C. Annual Percentage Rate (APR), D. Loan duration",C. You need to earn 3% more in net income just to maintain your current standard of living,No
0197,5 / 12,Junior (11th),No,,3,4,"A. Define your life, career, and financial goals in writing","B. Direct deposit for paychecks, automated bill payments, auto-transfers to savings, and a budgeting app or platform",D. Both A and B,A. Pay a little more than the minimum monthly amount across all your credit cards.,D. None of the above.,"E. A, C, and D.",D. All of the above,A. Make slightly higher payments than the minimum on all your loans,E. All of the Above,"B. Credit history, equity, financial assets, and debt-to-income ratio","B. Interest rate charged, C. Annual Percentage Rate (APR), D. Loan duration",C. You need to earn 3% more in net income just to maintain your current standard of living,
0198,5 / 12,Sophomore (10th),No,,5,3,C. Open a basic savings account to begin earning interest.,C. Letting each service provider withdraw their monthly fees straight from your checking account.,D. Both A and B,D. Pay the maximum amount on the card with the highest balance.,C. Over $1.5 million.,C. Investments in real estate are not liquid and cannot be sold quickly.,C. Return on investment (ROI),C. Max out payments (within budget) on the highest interest loan,C. The government may take your state and federal tax refunds to pay off your student loans,"B. Credit history, equity, financial assets, and debt-to-income ratio","B. Interest rate charged, D. Loan duration",B. Retirement accounts like 401(k)s automatically account for inflation by 3%,No
0199,3 / 12,Junior (11th),No,,3,3,C. Open a basic savings account to begin earning interest.,A. Using a spreadsheet to list bills and writing down a monthly budget.,D. Both A and B,E. Not sure,"A. $141,598.","E. A, C, and D.",D. All of the above,B. Target the smallest outstanding balances first to knock them out,E. All of the Above,"B. Credit history, equity, financial assets, and debt-to-income ratio","A. Annual Percentage Yield (APY), B. Interest rate charged",C. You need to earn 3% more in net income just to maintain your current standard of living,No
0200,3 / 12,Sophomore (10th),No,,4,3,C. Open a basic savings account to begin earning interest.,A. Using a spreadsheet to list bills and writing down a monthly budget.,"B. Create a plan with a working budget, emergency fund, and repayment strategy.",E. Not sure,"B. Between $150,000–$225,000, depending on circumstances.","E. A, C, and D.",B. Dollar-cost averaging for student debt,D. Max out payments on the loan with the highest overall balance,E. All of the Above,"B. Credit history, equity, financial assets, and debt-to-income ratio","A. Annual Percentage Yield (APY), C. Annual Percentage Rate (APR)","A. Stocks, bonds, and mutual funds will automatically adjust by 3% to match inflation",None
0201,5 / 12,Sophomore (10th),No,,5,3,C. Open a basic savings account to begin earning interest.,"B. Direct deposit for paychecks, automated bill payments, auto-transfers to savings, and a budgeting app or platform",D. Both A and B,A. Pay a little more than the minimum monthly amount across all your credit cards.,"A. $141,598.","E. A, C, and D.",D. All of the above,A. Make slightly higher payments than the minimum on all your loans,D. A and C,"B. Credit history, equity, financial assets, and debt-to-income ratio","A. Annual Percentage Yield (APY), C. Annual Percentage Rate (APR)",C. You need to earn 3% more in net income just to maintain your current standard of living,
0202,6 / 12,Sophomore (10th),Yes,I did a workshop twice on it. It was not very in depth though.,5,3,C. Open a basic savings account to begin earning interest.,"B. Direct deposit for paychecks, automated bill payments, auto-transfers to savings, and a budgeting app or platform","B. Create a plan with a working budget, emergency fund, and repayment strategy.",C. Pay the maximum you can afford on the card with the highest interest rate.,C. Over $1.5 million.,"E. A, C, and D.",D. All of the above,D. Max out payments on the loan with the highest overall balance,D. A and C,"A. Credit score, available savings, educational background, and job history",C. Annual Percentage Rate (APR),"A. Stocks, bonds, and mutual funds will automatically adjust by 3% to match inflation",
0203,4 / 12,Sophomore (10th),No,,4,3,C. Open a basic savings account to begin earning interest.,"B. Direct deposit for paychecks, automated bill payments, auto-transfers to savings, and a budgeting app or platform",D. Both A and B,A. Pay a little more than the minimum monthly amount across all your credit cards.,"A. $141,598.","E. A, C, and D.",B. Dollar-cost averaging for student debt,C. Max out payments (within budget) on the highest interest loan,C. The government may take your state and federal tax refunds to pay off your student loans,"B. Credit history, equity, financial assets, and debt-to-income ratio","B. Interest rate charged, C. Annual Percentage Rate (APR)",B. Retirement accounts like 401(k)s automatically account for inflation by 3%,
0204,4 / 12,Junior (11th),No,,5,1,"A. Define your life, career, and financial goals in writing","B. Direct deposit for paychecks, automated bill payments, auto-transfers to savings, and a budgeting app or platform","B. Create a plan with a working budget, emergency fund, and repayment strategy.",A. Pay a little more than the minimum monthly amount across all your credit cards.,"A. $141,598.","B. Losses are capped at 20% across stocks and real estate, so if you invest $10,000, the most you can lose is $2,000.",D. All of the above,B. Target the smallest outstanding balances first to knock them out,C. The government may take your state and federal tax refunds to pay off your student loans,"B. Credit history, equity, financial assets, and debt-to-income ratio","B. Interest rate charged, C. Annual Percentage Rate (APR)","A. Stocks, bonds, and mutual funds will automatically adjust by 3% to match inflation",
0205,7 / 12,Sophomore (10th),No,,4,3,"A. Define your life, career, and financial goals in writing",D. Avoid automating anything—manual tracking is more accurate,"B. Create a plan with a working budget, emergency fund, and repayment strategy.",A. Pay a little more than the minimum monthly amount across all your credit cards.,C. Over $1.5 million.,"E. A, C, and D.",C. Return on investment (ROI),C. Max out payments (within budget) on the highest interest loan,E. All of the Above,"D. Liquidity, credit history, asset report scoring, and debt load","A. Annual Percentage Yield (APY), B. Interest rate charged, C. Annual Percentage Rate (APR), D. Loan duration",C. You need to earn 3% more in net income just to maintain your current standard of living,
0206,5 / 12,Sophomore (10th),No,,5,3,C. Open a basic savings account to begin earning interest.,"B. Direct deposit for paychecks, automated bill payments, auto-transfers to savings, and a budgeting app or platform","B. Create a plan with a working budget, emergency fund, and repayment strategy.",A. Pay a little more than the minimum monthly amount across all your credit cards.,"A. $141,598.","E. A, C, and D.",D. All of the above,A. Make slightly higher payments than the minimum on all your loans,D. A and C,"B. Credit history, equity, financial assets, and debt-to-income ratio","B. Interest rate charged, C. Annual Percentage Rate (APR), D. Loan duration",D. You need to grow your savings by 3% every year to keep pace,
0207,4 / 12,Junior (11th),Not sure,Like taxes and stuff,4,3,"A. Define your life, career, and financial goals in writing","B. Direct deposit for paychecks, automated bill payments, auto-transfers to savings, and a budgeting app or platform",D. Both A and B,D. Pay the maximum amount on the card with the highest balance.,"A. $141,598.","E. A, C, and D.",D. All of the above,B. Target the smallest outstanding balances first to knock them out,D. A and C,"A. Credit score, available savings, educational background, and job history","A. Annual Percentage Yield (APY), B. Interest rate charged, C. Annual Percentage Rate (APR), D. Loan duration","A. Stocks, bonds, and mutual funds will automatically adjust by 3% to match inflation",No
0208,4 / 12,Junior (11th),No,,4,2,"A. Define your life, career, and financial goals in writing",A. Using a spreadsheet to list bills and writing down a monthly budget.,D. Both A and B,E. Not sure,"A. $141,598.","E. A, C, and D.",D. All of the above,A. Make slightly higher payments than the minimum on all your loans,D. A and C,"B. Credit history, equity, financial assets, and debt-to-income ratio","A. Annual Percentage Yield (APY), B. Interest rate charged, C. Annual Percentage Rate (APR), D. Loan duration","A. Stocks, bonds, and mutual funds will automatically adjust by 3% to match inflation",
0209,5 / 12,Junior (11th),No,No,4,4,"A. Define your life, career, and financial goals in writing","B. Direct deposit for paychecks, automated bill payments, auto-transfers to savings, and a budgeting app or platform","B. Create a plan with a working budget, emergency fund, and repayment strategy.",C. Pay the maximum you can afford on the card with the highest interest rate.,"B. Between $150,000–$225,000, depending on circumstances.","B. Losses are capped at 20% across stocks and real estate, so if you invest $10,000, the most you can lose is $2,000.",B. Dollar-cost averaging for student debt,C. Max out payments (within budget) on the highest interest loan,B. You can file for bankruptcy to erase the debt,"A. Credit score, available savings, educational background, and job history",B. Interest rate charged,B. Retirement accounts like 401(k)s automatically account for inflation by 3%,No
0210,3 / 12,Sophomore (10th),Yes,yes in facs,5,2,"A. Define your life, career, and financial goals in writing",D. Avoid automating anything—manual tracking is more accurate,D. Both A and B,A. Pay a little more than the minimum monthly amount across all your credit cards.,D. None of the above.,"E. A, C, and D.",D. All of the above,A. Make slightly higher payments than the minimum on all your loans,D. A and C,"A. Credit score, available savings, educational background, and job history","A. Annual Percentage Yield (APY), B. Interest rate charged, C. Annual Percentage Rate (APR), D. Loan duration",E. Not sure,
0211,4 / 12,Sophomore (10th),No,,5,1,"A. Define your life, career, and financial goals in writing",C. Letting each service provider withdraw their monthly fees straight from your checking account.,"B. Create a plan with a working budget, emergency fund, and repayment strategy.",C. Pay the maximum you can afford on the card with the highest interest rate.,C. Over $1.5 million.,C. Investments in real estate are not liquid and cannot be sold quickly.,D. All of the above,B. Target the smallest outstanding balances first to knock them out,A. The loan holder can take legal action against you,"D. Liquidity, credit history, asset report scoring, and debt load","A. Annual Percentage Yield (APY), C. Annual Percentage Rate (APR)","A. Stocks, bonds, and mutual funds will automatically adjust by 3% to match inflation",No
0212,8 / 12,Sophomore (10th),No,,4,3,"A. Define your life, career, and financial goals in writing","B. Direct deposit for paychecks, automated bill payments, auto-transfers to savings, and a budgeting app or platform",D. Both A and B,C. Pay the maximum you can afford on the card with the highest interest rate.,"A. $141,598.","E. A, C, and D.",D. All of the above,C. Max out payments (within budget) on the highest interest loan,D. A and C,"B. Credit history, equity, financial assets, and debt-to-income ratio","B. Interest rate charged, C. Annual Percentage Rate (APR), D. Loan duration",C. You need to earn 3% more in net income just to maintain your current standard of living,
0213,5 / 12,Junior (11th),No,,4,3,C. Open a basic savings account to begin earning interest.,"B. Direct deposit for paychecks, automated bill payments, auto-transfers to savings, and a budgeting app or platform",D. Both A and B,A. Pay a little more than the minimum monthly amount across all your credit cards.,"A. $141,598.","E. A, C, and D.",D. All of the above,A. Make slightly higher payments than the minimum on all your loans,D. A and C,"B. Credit history, equity, financial assets, and debt-to-income ratio","C. Annual Percentage Rate (APR), D. Loan duration",C. You need to earn 3% more in net income just to maintain your current standard of living,
0214,3 / 12,Sophomore (10th),No,,5,2,C. Open a basic savings account to begin earning interest.,D. Avoid automating anything—manual tracking is more accurate,D. Both A and B,B. Pay off the smallest balance first to gain momentum.,"B. Between $150,000–$225,000, depending on circumstances.","E. A, C, and D.",D. All of the above,B. Target the smallest outstanding balances first to knock them out,A. The loan holder can take legal action against you,"B. Credit history, equity, financial assets, and debt-to-income ratio",B. Interest rate charged,C. You need to earn 3% more in net income just to maintain your current standard of living,
0215,3 / 12,Sophomore (10th),Yes,summer unternshup ,5,3,"A. Define your life, career, and financial goals in writing","B. Direct deposit for paychecks, automated bill payments, auto-transfers to savings, and a budgeting app or platform",C. Take a cash advance on a credit card and deposit it to earn interest.,A. Pay a little more than the minimum monthly amount across all your credit cards.,"B. Between $150,000–$225,000, depending on circumstances.",D. Global political events can tank stock value overnight.,B. Dollar-cost averaging for student debt,B. Target the smallest outstanding balances first to knock them out,B. You can file for bankruptcy to erase the debt,"B. Credit history, equity, financial assets, and debt-to-income ratio","A. Annual Percentage Yield (APY), B. Interest rate charged, C. Annual Percentage Rate (APR), D. Loan duration","A. Stocks, bonds, and mutual funds will automatically adjust by 3% to match inflation",no
0216,6 / 12,Sophomore (10th),Yes,,5,3,"A. Define your life, career, and financial goals in writing","B. Direct deposit for paychecks, automated bill payments, auto-transfers to savings, and a budgeting app or platform",D. Both A and B,A. Pay a little more than the minimum monthly amount across all your credit cards.,C. Over $1.5 million.,"E. A, C, and D.",D. All of the above,A. Make slightly higher payments than the minimum on all your loans,E. All of the Above,"A. Credit score, available savings, educational background, and job history","B. Interest rate charged, D. Loan duration",C. You need to earn 3% more in net income just to maintain your current standard of living,No
0217,6 / 12,Junior (11th),No,,5,5,"A. Define your life, career, and financial goals in writing","B. Direct deposit for paychecks, automated bill payments, auto-transfers to savings, and a budgeting app or platform","B. Create a plan with a working budget, emergency fund, and repayment strategy.",A. Pay a little more than the minimum monthly amount across all your credit cards.,C. Over $1.5 million.,"E. A, C, and D.",D. All of the above,B. Target the smallest outstanding balances first to knock them out,E. All of the Above,"A. Credit score, available savings, educational background, and job history",C. Annual Percentage Rate (APR),C. You need to earn 3% more in net income just to maintain your current standard of living,None
0218,10 / 12,Junior (11th),Yes,"In 8th grade we had FACS class where we learned about credit cards and in Alge it's we practiced doing our taxes, and in pre calc we did a mortgage project",4,3,C. Open a basic savings account to begin earning interest.,"B. Direct deposit for paychecks, automated bill payments, auto-transfers to savings, and a budgeting app or platform",D. Both A and B,C. Pay the maximum you can afford on the card with the highest interest rate.,C. Over $1.5 million.,"E. A, C, and D.",C. Return on investment (ROI),C. Max out payments (within budget) on the highest interest loan,D. A and C,"B. Credit history, equity, financial assets, and debt-to-income ratio","B. Interest rate charged, D. Loan duration",C. You need to earn 3% more in net income just to maintain your current standard of living,
0219,7 / 12,Sophomore (10th),No,,4,4,"A. Define your life, career, and financial goals in writing","B. Direct deposit for paychecks, automated bill payments, auto-transfers to savings, and a budgeting app or platform","B. Create a plan with a working budget, emergency fund, and repayment strategy.",E. Not sure,"A. $141,598.","B. Losses are capped at 20% across stocks and real estate, so if you invest $10,000, the most you can lose is $2,000.",C. Return on investment (ROI),C. Max out payments (within budget) on the highest interest loan,E. All of the Above,"B. Credit history, equity, financial assets, and debt-to-income ratio","A. Annual Percentage Yield (APY), B. Interest rate charged, C. Annual Percentage Rate (APR), D. Loan duration",C. You need to earn 3% more in net income just to maintain your current standard of living,No
0220,4 / 12,Junior (11th),No,,4,3,"A. Define your life, career, and financial goals in writing","B. Direct deposit for paychecks, automated bill payments, auto-transfers to savings, and a budgeting app or platform","B. Create a plan with a working budget, emergency fund, and repayment strategy.",A. Pay a little more than the minimum monthly amount across all your credit cards.,"B. Between $150,000–$225,000, depending on circumstances.","A. You could lose all your stock investment, and real estate losses can exceed your initial amount",D. All of the above,A. Make slightly higher payments than the minimum on all your loans,A. The loan holder can take legal action against you,"B. Credit history, equity, financial assets, and debt-to-income ratio","A. Annual Percentage Yield (APY), B. Interest rate charged, C. Annual Percentage Rate (APR), D. Loan duration","A. Stocks, bonds, and mutual funds will automatically adjust by 3% to match inflation",
0221,3 / 12,Junior (11th),No,,4,3,C. Open a basic savings account to begin earning interest.,A. Using a spreadsheet to list bills and writing down a monthly budget.,D. Both A and B,A. Pay a little more than the minimum monthly amount across all your credit cards.,D. None of the above.,"E. A, C, and D.",D. All of the above,A. Make slightly higher payments than the minimum on all your loans,D. A and C,"A. Credit score, available savings, educational background, and job history","A. Annual Percentage Yield (APY), C. Annual Percentage Rate (APR)",C. You need to earn 3% more in net income just to maintain your current standard of living,
0222,1 / 12,Junior (11th),No,,4,2,C. Open a basic savings account to begin earning interest.,A. Using a spreadsheet to list bills and writing down a monthly budget.,A. Take out a student loan or credit card and make all payments on time.,E. Not sure,"B. Between $150,000–$225,000, depending on circumstances.",D. Global political events can tank stock value overnight.,B. Dollar-cost averaging for student debt,A. Make slightly higher payments than the minimum on all your loans,A. The loan holder can take legal action against you,"B. Credit history, equity, financial assets, and debt-to-income ratio","A. Annual Percentage Yield (APY), B. Interest rate charged",E. Not sure,
0223,2 / 12,Sophomore (10th),Yes,I study stocks.,4,3,"A. Define your life, career, and financial goals in writing",A. Using a spreadsheet to list bills and writing down a monthly budget.,D. Both A and B,E. Not sure,"B. Between $150,000–$225,000, depending on circumstances.",C. Investments in real estate are not liquid and cannot be sold quickly.,D. All of the above,A. Make slightly higher payments than the minimum on all your loans,A. The loan holder can take legal action against you,"B. Credit history, equity, financial assets, and debt-to-income ratio","A. Annual Percentage Yield (APY), B. Interest rate charged, C. Annual Percentage Rate (APR), D. Loan duration","A. Stocks, bonds, and mutual funds will automatically adjust by 3% to match inflation",
0224,5 / 12,Sophomore (10th),No,,4,3,"A. Define your life, career, and financial goals in writing",A. Using a spreadsheet to list bills and writing down a monthly budget.,D. Both A and B,E. Not sure,"B. Between $150,000–$225,000, depending on circumstances.","E. A, C, and D.",D. All of the above,A. Make slightly higher payments than the minimum on all your loans,D. A and C,"B. Credit history, equity, financial assets, and debt-to-income ratio","B. Interest rate charged, D. Loan duration",E. Not sure,
0225,3 / 12,Junior (11th),No,,4,3,"A. Define your life, career, and financial goals in writing",C. Letting each service provider withdraw their monthly fees straight from your checking account.,D. Both A and B,A. Pay a little more than the minimum monthly amount across all your credit cards.,C. Over $1.5 million.,"A. You could lose all your stock investment, and real estate losses can exceed your initial amount",D. All of the above,B. Target the smallest outstanding balances first to knock them out,D. A and C,"A. Credit score, available savings, educational background, and job history","A. Annual Percentage Yield (APY), B. Interest rate charged, D. Loan duration","A. Stocks, bonds, and mutual funds will automatically adjust by 3% to match inflation",
0226,4 / 12,Sophomore (10th),No,,4,3,C. Open a basic savings account to begin earning interest.,"B. Direct deposit for paychecks, automated bill payments, auto-transfers to savings, and a budgeting app or platform",D. Both A and B,C. Pay the maximum you can afford on the card with the highest interest rate.,"A. $141,598.","A. You could lose all your stock investment, and real estate losses can exceed your initial amount",B. Dollar-cost averaging for student debt,C. Max out payments (within budget) on the highest interest loan,D. A and C,"A. Credit score, available savings, educational background, and job history","B. Interest rate charged, C. Annual Percentage Rate (APR), D. Loan duration",D. You need to grow your savings by 3% every year to keep pace,
0227,4 / 12,Sophomore (10th),Yes,,5,5,"A. Define your life, career, and financial goals in writing",A. Using a spreadsheet to list bills and writing down a monthly budget.,"B. Create a plan with a working budget, emergency fund, and repayment strategy.",A. Pay a little more than the minimum monthly amount across all your credit cards.,"B. Between $150,000–$225,000, depending on circumstances.","E. A, C, and D.",D. All of the above,C. Max out payments (within budget) on the highest interest loan,A. The loan holder can take legal action against you,"A. Credit score, available savings, educational background, and job history",B. Interest rate charged,D. You need to grow your savings by 3% every year to keep pace,
0228,2 / 12,Junior (11th),No,,5,2,C. Open a basic savings account to begin earning interest.,A. Using a spreadsheet to list bills and writing down a monthly budget.,D. Both A and B,B. Pay off the smallest balance first to gain momentum.,"B. Between $150,000–$225,000, depending on circumstances.","E. A, C, and D.",D. All of the above,A. Make slightly higher payments than the minimum on all your loans,D. A and C,"A. Credit score, available savings, educational background, and job history",C. Annual Percentage Rate (APR),B. Retirement accounts like 401(k)s automatically account for inflation by 3%,
0229,4 / 12,Sophomore (10th),Not sure,I think i learned a little about it in FACS in 6th grade but I'm not sure.,5,4,"A. Define your life, career, and financial goals in writing",A. Using a spreadsheet to list bills and writing down a monthly budget.,D. Both A and B,E. Not sure,D. None of the above.,"E. A, C, and D.",D. All of the above,B. Target the smallest outstanding balances first to knock them out,D. A and C,"B. Credit history, equity, financial assets, and debt-to-income ratio","B. Interest rate charged, C. Annual Percentage Rate (APR), D. Loan duration",E. Not sure,
0230,3 / 12,Junior (11th),Not sure, ,5,3,C. Open a basic savings account to begin earning interest.,A. Using a spreadsheet to list bills and writing down a monthly budget.,"B. Create a plan with a working budget, emergency fund, and repayment strategy.",A. Pay a little more than the minimum monthly amount across all your credit cards.,"B. Between $150,000–$225,000, depending on circumstances.","E. A, C, and D.",D. All of the above,B. Target the smallest outstanding balances first to knock them out,E. All of the Above,"A. Credit score, available savings, educational background, and job history",B. Interest rate charged,C. You need to earn 3% more in net income just to maintain your current standard of living,No
0231,6 / 12,Junior (11th),Yes,"Loans, interest rates, credit cards, mortgages",5,4,C. Open a basic savings account to begin earning interest.,A. Using a spreadsheet to list bills and writing down a monthly budget.,D. Both A and B,A. Pay a little more than the minimum monthly amount across all your credit cards.,C. Over $1.5 million.,"E. A, C, and D.",C. Return on investment (ROI),A. Make slightly higher payments than the minimum on all your loans,D. A and C,"B. Credit history, equity, financial assets, and debt-to-income ratio","B. Interest rate charged, C. Annual Percentage Rate (APR), D. Loan duration",C. You need to earn 3% more in net income just to maintain your current standard of living,
0232,5 / 12,Sophomore (10th),No,,3,3,"A. Define your life, career, and financial goals in writing","B. Direct deposit for paychecks, automated bill payments, auto-transfers to savings, and a budgeting app or platform",D. Both A and B,A. Pay a little more than the minimum monthly amount across all your credit cards.,D. None of the above.,"E. A, C, and D.",D. All of the above,A. Make slightly higher payments than the minimum on all your loans,D. A and C,"B. Credit history, equity, financial assets, and debt-to-income ratio","B. Interest rate charged, C. Annual Percentage Rate (APR), D. Loan duration",E. Not sure,
0233,5 / 12,Sophomore (10th),No,,5,1,C. Open a basic savings account to begin earning interest.,A. Using a spreadsheet to list bills and writing down a monthly budget.,"B. Create a plan with a working budget, emergency fund, and repayment strategy.",A. Pay a little more than the minimum monthly amount across all your credit cards.,"B. Between $150,000–$225,000, depending on circumstances.","E. A, C, and D.",D. All of the above,A. Make slightly higher payments than the minimum on all your loans,D. A and C,"B. Credit history, equity, financial assets, and debt-to-income ratio","B. Interest rate charged, C. Annual Percentage Rate (APR), D. Loan duration",C. You need to earn 3% more in net income just to maintain your current standard of living,
0234,6 / 12,Junior (11th),No,,4,4,C. Open a basic savings account to begin earning interest.,"B. Direct deposit for paychecks, automated bill payments, auto-transfers to savings, and a budgeting app or platform",D. Both A and B,C. Pay the maximum you can afford on the card with the highest interest rate.,C. Over $1.5 million.,"E. A, C, and D.",D. All of the above,C. Max out payments (within budget) on the highest interest loan,D. A and C,"A. Credit score, available savings, educational background, and job history","C. Annual Percentage Rate (APR), D. Loan duration",D. You need to grow your savings by 3% every year to keep pace,
0235,3 / 12,Sophomore (10th),Not sure,Idk,4,3,C. Open a basic savings account to begin earning interest.,D. Avoid automating anything—manual tracking is more accurate,D. Both A and B,E. Not sure,D. None of the above.,"E. A, C, and D.",D. All of the above,B. Target the smallest outstanding balances first to knock them out,D. A and C,"D. Liquidity, credit history, asset report scoring, and debt load","B. Interest rate charged, C. Annual Percentage Rate (APR), D. Loan duration",C. You need to earn 3% more in net income just to maintain your current standard of living,
0236,4 / 12,Sophomore (10th),No,,5,1,C. Open a basic savings account to begin earning interest.,A. Using a spreadsheet to list bills and writing down a monthly budget.,"B. Create a plan with a working budget, emergency fund, and repayment strategy.",E. Not sure,D. None of the above.,"E. A, C, and D.",D. All of the above,A. Make slightly higher payments than the minimum on all your loans,E. All of the Above,"D. Liquidity, credit history, asset report scoring, and debt load","B. Interest rate charged, D. Loan duration",C. You need to earn 3% more in net income just to maintain your current standard of living,
0237,4 / 12,Junior (11th),No,,5,3,"A. Define your life, career, and financial goals in writing",A. Using a spreadsheet to list bills and writing down a monthly budget.,"B. Create a plan with a working budget, emergency fund, and repayment strategy.",A. Pay a little more than the minimum monthly amount across all your credit cards.,"B. Between $150,000–$225,000, depending on circumstances.","E. A, C, and D.",D. All of the above,A. Make slightly higher payments than the minimum on all your loans,E. All of the Above,"B. Credit history, equity, financial assets, and debt-to-income ratio",B. Interest rate charged,E. Not sure,No
0238,4 / 12,Sophomore (10th),Yes,In Family and Consumer Sciences with basic information,3,2,"A. Define your life, career, and financial goals in writing","B. Direct deposit for paychecks, automated bill payments, auto-transfers to savings, and a budgeting app or platform",D. Both A and B,A. Pay a little more than the minimum monthly amount across all your credit cards.,"B. Between $150,000–$225,000, depending on circumstances.","E. A, C, and D.",D. All of the above,B. Target the smallest outstanding balances first to knock them out,D. A and C,"A. Credit score, available savings, educational background, and job history",B. Interest rate charged,"A. Stocks, bonds, and mutual funds will automatically adjust by 3% to match inflation",No
0239,3 / 12,Sophomore (10th),No,,5,2,C. Open a basic savings account to begin earning interest.,A. Using a spreadsheet to list bills and writing down a monthly budget.,D. Both A and B,B. Pay off the smallest balance first to gain momentum.,"B. Between $150,000–$225,000, depending on circumstances.","E. A, C, and D.",D. All of the above,B. Target the smallest outstanding balances first to knock them out,D. A and C,"D. Liquidity, credit history, asset report scoring, and debt load",C. Annual Percentage Rate (APR),C. You need to earn 3% more in net income just to maintain your current standard of living,"I would like to learn how to manage all financial aspects in school, (part of school program)"
0240,4 / 12,Sophomore (10th),No,,5,2,C. Open a basic savings account to begin earning interest.,A. Using a spreadsheet to list bills and writing down a monthly budget.,D. Both A and B,A. Pay a little more than the minimum monthly amount across all your credit cards.,"B. Between $150,000–$225,000, depending on circumstances.","E. A, C, and D.",D. All of the above,A. Make slightly higher payments than the minimum on all your loans,D. A and C,"B. Credit history, equity, financial assets, and debt-to-income ratio",B. Interest rate charged,C. You need to earn 3% more in net income just to maintain your current standard of living,
0241,8 / 12,Junior (11th),Not sure,In math class we have done some work but not anything official ,5,3,C. Open a basic savings account to begin earning interest.,"B. Direct deposit for paychecks, automated bill payments, auto-transfers to savings, and a budgeting app or platform",D. Both A and B,C. Pay the maximum you can afford on the card with the highest interest rate.,C. Over $1.5 million.,"E. A, C, and D.",A. College feasibility test,C. Max out payments (within budget) on the highest interest loan,D. A and C,"B. Credit history, equity, financial assets, and debt-to-income ratio","C. Annual Percentage Rate (APR), D. Loan duration",C. You need to earn 3% more in net income just to maintain your current standard of living,"
"
0242,7 / 12,Sophomore (10th),No,,4,3,"A. Define your life, career, and financial goals in writing","B. Direct deposit for paychecks, automated bill payments, auto-transfers to savings, and a budgeting app or platform",D. Both A and B,C. Pay the maximum you can afford on the card with the highest interest rate.,C. Over $1.5 million.,"E. A, C, and D.",D. All of the above,C. Max out payments (within budget) on the highest interest loan,A. The loan holder can take legal action against you,"B. Credit history, equity, financial assets, and debt-to-income ratio","A. Annual Percentage Yield (APY), B. Interest rate charged, C. Annual Percentage Rate (APR), D. Loan duration",D. You need to grow your savings by 3% every year to keep pace,
0243,4 / 12,Sophomore (10th),No,,5,1,"A. Define your life, career, and financial goals in writing","B. Direct deposit for paychecks, automated bill payments, auto-transfers to savings, and a budgeting app or platform",D. Both A and B,A. Pay a little more than the minimum monthly amount across all your credit cards.,"B. Between $150,000–$225,000, depending on circumstances.","E. A, C, and D.",D. All of the above,A. Make slightly higher payments than the minimum on all your loans,A. The loan holder can take legal action against you,"A. Credit score, available savings, educational background, and job history","A. Annual Percentage Yield (APY), C. Annual Percentage Rate (APR)",C. You need to earn 3% more in net income just to maintain your current standard of living,No
0244,4 / 12,Sophomore (10th),No,N/A,5,1,"A. Define your life, career, and financial goals in writing","B. Direct deposit for paychecks, automated bill payments, auto-transfers to savings, and a budgeting app or platform",D. Both A and B,A. Pay a little more than the minimum monthly amount across all your credit cards.,"B. Between $150,000–$225,000, depending on circumstances.","E. A, C, and D.",D. All of the above,A. Make slightly higher payments than the minimum on all your loans,A. The loan holder can take legal action against you,"A. Credit score, available savings, educational background, and job history",C. Annual Percentage Rate (APR),C. You need to earn 3% more in net income just to maintain your current standard of living,No
0245,6 / 12,Sophomore (10th),No,,5,3,C. Open a basic savings account to begin earning interest.,"B. Direct deposit for paychecks, automated bill payments, auto-transfers to savings, and a budgeting app or platform",D. Both A and B,E. Not sure,"A. $141,598.","E. A, C, and D.",C. Return on investment (ROI),C. Max out payments (within budget) on the highest interest loan,D. A and C,"A. Credit score, available savings, educational background, and job history",A. Annual Percentage Yield (APY),C. You need to earn 3% more in net income just to maintain your current standard of living,
0246,3 / 12,Sophomore (10th),No,,5,4,"A. Define your life, career, and financial goals in writing",A. Using a spreadsheet to list bills and writing down a monthly budget.,A. Take out a student loan or credit card and make all payments on time.,A. Pay a little more than the minimum monthly amount across all your credit cards.,D. None of the above.,D. Global political events can tank stock value overnight.,D. All of the above,A. Make slightly higher payments than the minimum on all your loans,D. A and C,"A. Credit score, available savings, educational background, and job history","A. Annual Percentage Yield (APY), B. Interest rate charged, C. Annual Percentage Rate (APR), D. Loan duration",C. You need to earn 3% more in net income just to maintain your current standard of living,
0247,2 / 12,Junior (11th),Yes,in my workshops at school,5,4,D. Review your credit score and payment history,A. Using a spreadsheet to list bills and writing down a monthly budget.,D. Both A and B,B. Pay off the smallest balance first to gain momentum.,D. None of the above.,"E. A, C, and D.",D. All of the above,B. Target the smallest outstanding balances first to knock them out,E. All of the Above,"B. Credit history, equity, financial assets, and debt-to-income ratio","B. Interest rate charged, C. Annual Percentage Rate (APR)","A. Stocks, bonds, and mutual funds will automatically adjust by 3% to match inflation",no
0248,5 / 12,Junior (11th),No,,5,4,"A. Define your life, career, and financial goals in writing","B. Direct deposit for paychecks, automated bill payments, auto-transfers to savings, and a budgeting app or platform","B. Create a plan with a working budget, emergency fund, and repayment strategy.",A. Pay a little more than the minimum monthly amount across all your credit cards.,C. Over $1.5 million.,"A. You could lose all your stock investment, and real estate losses can exceed your initial amount",D. All of the above,A. Make slightly higher payments than the minimum on all your loans,B. You can file for bankruptcy to erase the debt,"A. Credit score, available savings, educational background, and job history","C. Annual Percentage Rate (APR), D. Loan duration",C. You need to earn 3% more in net income just to maintain your current standard of living,Nope
0249,4 / 12,Sophomore (10th),No,,4,2,"A. Define your life, career, and financial goals in writing",A. Using a spreadsheet to list bills and writing down a monthly budget.,D. Both A and B,D. Pay the maximum amount on the card with the highest balance.,"A. $141,598.","E. A, C, and D.",D. All of the above,C. Max out payments (within budget) on the highest interest loan,D. A and C,"A. Credit score, available savings, educational background, and job history",C. Annual Percentage Rate (APR),D. You need to grow your savings by 3% every year to keep pace,
0250,3 / 12,Junior (11th),Yes,In an intro to economics class,5,4,"A. Define your life, career, and financial goals in writing",A. Using a spreadsheet to list bills and writing down a monthly budget.,"B. Create a plan with a working budget, emergency fund, and repayment strategy.",A. Pay a little more than the minimum monthly amount across all your credit cards.,"B. Between $150,000–$225,000, depending on circumstances.","B. Losses are capped at 20% across stocks and real estate, so if you invest $10,000, the most you can lose is $2,000.",C. Return on investment (ROI),D. Max out payments on the loan with the highest overall balance,A. The loan holder can take legal action against you,"A. Credit score, available savings, educational background, and job history",A. Annual Percentage Yield (APY),B. Retirement accounts like 401(k)s automatically account for inflation by 3%,No
0251,2 / 12,Junior (11th),Yes,Middle school was some about taxes and in this year mortgages,5,2,C. Open a basic savings account to begin earning interest.,C. Letting each service provider withdraw their monthly fees straight from your checking account.,D. Both A and B,A. Pay a little more than the minimum monthly amount across all your credit cards.,"B. Between $150,000–$225,000, depending on circumstances.","E. A, C, and D.",D. All of the above,A. Make slightly higher payments than the minimum on all your loans,D. A and C,"D. Liquidity, credit history, asset report scoring, and debt load","B. Interest rate charged, C. Annual Percentage Rate (APR)","A. Stocks, bonds, and mutual funds will automatically adjust by 3% to match inflation",
0252,6 / 12,Junior (11th),No,,5,3,C. Open a basic savings account to begin earning interest.,"B. Direct deposit for paychecks, automated bill payments, auto-transfers to savings, and a budgeting app or platform",D. Both A and B,C. Pay the maximum you can afford on the card with the highest interest rate.,"A. $141,598.","E. A, C, and D.",D. All of the above,C. Max out payments (within budget) on the highest interest loan,D. A and C,"A. Credit score, available savings, educational background, and job history","A. Annual Percentage Yield (APY), B. Interest rate charged, C. Annual Percentage Rate (APR), D. Loan duration",C. You need to earn 3% more in net income just to maintain your current standard of living,
0253,4 / 12,Sophomore (10th),Not sure,I did a bit in middle school but I didny pay attention ,4,4,"A. Define your life, career, and financial goals in writing","B. Direct deposit for paychecks, automated bill payments, auto-transfers to savings, and a budgeting app or platform",D. Both A and B,E. Not sure,"B. Between $150,000–$225,000, depending on circumstances.","E. A, C, and D.",D. All of the above,B. Target the smallest outstanding balances first to knock them out,D. A and C,"D. Liquidity, credit history, asset report scoring, and debt load","B. Interest rate charged, C. Annual Percentage Rate (APR), D. Loan duration",E. Not sure,"I have a roth ira, a debit card, and both a checking and short term savings accounts"
0254,4 / 12,Junior (11th),No,,5,1,C. Open a basic savings account to begin earning interest.,"B. Direct deposit for paychecks, automated bill payments, auto-transfers to savings, and a budgeting app or platform",D. Both A and B,E. Not sure,D. None of the above.,"E. A, C, and D.",D. All of the above,B. Target the smallest outstanding balances first to knock them out,D. A and C,"B. Credit history, equity, financial assets, and debt-to-income ratio","A. Annual Percentage Yield (APY), B. Interest rate charged, C. Annual Percentage Rate (APR)",E. Not sure,😭
0255,1 / 12,Junior (11th),No,,5,1,D. Review your credit score and payment history,A. Using a spreadsheet to list bills and writing down a monthly budget.,"B. Create a plan with a working budget, emergency fund, and repayment strategy.",E. Not sure,"B. Between $150,000–$225,000, depending on circumstances.",D. Global political events can tank stock value overnight.,B. Dollar-cost averaging for student debt,B. Target the smallest outstanding balances first to knock them out,C. The government may take your state and federal tax refunds to pay off your student loans,"D. Liquidity, credit history, asset report scoring, and debt load",A. Annual Percentage Yield (APY),"A. Stocks, bonds, and mutual funds will automatically adjust by 3% to match inflation",
0256,5 / 12,Junior (11th),Yes,We went over taxes and loan repayments briefly in junior year.,4,2,D. Review your credit score and payment history,"B. Direct deposit for paychecks, automated bill payments, auto-transfers to savings, and a budgeting app or platform",D. Both A and B,C. Pay the maximum you can afford on the card with the highest interest rate.,"B. Between $150,000–$225,000, depending on circumstances.","E. A, C, and D.",D. All of the above,C. Max out payments (within budget) on the highest interest loan,D. A and C,"C. Home equity, cash flow, asset reports, and debt-to-liquidity ratio","B. Interest rate charged, C. Annual Percentage Rate (APR), D. Loan duration",D. You need to grow your savings by 3% every year to keep pace,
0257,4 / 12,Senior (12th),No,,5,2,C. Open a basic savings account to begin earning interest.,D. Avoid automating anything—manual tracking is more accurate,D. Both A and B,A. Pay a little more than the minimum monthly amount across all your credit cards.,"B. Between $150,000–$225,000, depending on circumstances.","E. A, C, and D.",D. All of the above,C. Max out payments (within budget) on the highest interest loan,E. All of the Above,"B. Credit history, equity, financial assets, and debt-to-income ratio",B. Interest rate charged,C. You need to earn 3% more in net income just to maintain your current standard of living,
0258,1 / 12,Junior (11th),No,,5,2,C. Open a basic savings account to begin earning interest.,"B. Direct deposit for paychecks, automated bill payments, auto-transfers to savings, and a budgeting app or platform",D. Both A and B,E. Not sure,"A. $141,598.","A. You could lose all your stock investment, and real estate losses can exceed your initial amount",A. College feasibility test,A. Make slightly higher payments than the minimum on all your loans,E. All of the Above,"A. Credit score, available savings, educational background, and job history","A. Annual Percentage Yield (APY), B. Interest rate charged, C. Annual Percentage Rate (APR), D. Loan duration",E. Not sure,i’ve never had any and only found out it existed about a year ago 
0259,3 / 12,Sophomore (10th),No,,5,3,C. Open a basic savings account to begin earning interest.,A. Using a spreadsheet to list bills and writing down a monthly budget.,D. Both A and B,E. Not sure,"A. $141,598.","E. A, C, and D.",D. All of the above,A. Make slightly higher payments than the minimum on all your loans,E. All of the Above,"B. Credit history, equity, financial assets, and debt-to-income ratio","A. Annual Percentage Yield (APY), B. Interest rate charged, C. Annual Percentage Rate (APR), D. Loan duration",C. You need to earn 3% more in net income just to maintain your current standard of living,No
0260,7 / 12,Junior (11th),Yes,SUPA personal finance ,5,4,"A. Define your life, career, and financial goals in writing","B. Direct deposit for paychecks, automated bill payments, auto-transfers to savings, and a budgeting app or platform",D. Both A and B,C. Pay the maximum you can afford on the card with the highest interest rate.,C. Over $1.5 million.,"E. A, C, and D.",D. All of the above,C. Max out payments (within budget) on the highest interest loan,D. A and C,"D. Liquidity, credit history, asset report scoring, and debt load","C. Annual Percentage Rate (APR), D. Loan duration",D. You need to grow your savings by 3% every year to keep pace,
0261,7 / 12,Sophomore (10th),No,,5,2,"A. Define your life, career, and financial goals in writing","B. Direct deposit for paychecks, automated bill payments, auto-transfers to savings, and a budgeting app or platform",D. Both A and B,A. Pay a little more than the minimum monthly amount across all your credit cards.,"A. $141,598.","E. A, C, and D.",C. Return on investment (ROI),A. Make slightly higher payments than the minimum on all your loans,D. A and C,"B. Credit history, equity, financial assets, and debt-to-income ratio","A. Annual Percentage Yield (APY), C. Annual Percentage Rate (APR)",C. You need to earn 3% more in net income just to maintain your current standard of living,
0262,4 / 12,Junior (11th),No,,5,1,"A. Define your life, career, and financial goals in writing","B. Direct deposit for paychecks, automated bill payments, auto-transfers to savings, and a budgeting app or platform","B. Create a plan with a working budget, emergency fund, and repayment strategy.",D. Pay the maximum amount on the card with the highest balance.,"A. $141,598.","A. You could lose all your stock investment, and real estate losses can exceed your initial amount",A. College feasibility test,C. Max out payments (within budget) on the highest interest loan,B. You can file for bankruptcy to erase the debt,"A. Credit score, available savings, educational background, and job history",B. Interest rate charged,"A. Stocks, bonds, and mutual funds will automatically adjust by 3% to match inflation",
0263,3 / 12,Junior (11th),No,,4,4,C. Open a basic savings account to begin earning interest.,D. Avoid automating anything—manual tracking is more accurate,"B. Create a plan with a working budget, emergency fund, and repayment strategy.",A. Pay a little more than the minimum monthly amount across all your credit cards.,"B. Between $150,000–$225,000, depending on circumstances.","B. Losses are capped at 20% across stocks and real estate, so if you invest $10,000, the most you can lose is $2,000.",D. All of the above,A. Make slightly higher payments than the minimum on all your loans,D. A and C,"A. Credit score, available savings, educational background, and job history",B. Interest rate charged,C. You need to earn 3% more in net income just to maintain your current standard of living,No
0264,7 / 12,Junior (11th),No,,4,2,C. Open a basic savings account to begin earning interest.,"B. Direct deposit for paychecks, automated bill payments, auto-transfers to savings, and a budgeting app or platform",C. Take a cash advance on a credit card and deposit it to earn interest.,C. Pay the maximum you can afford on the card with the highest interest rate.,"A. $141,598.",D. Global political events can tank stock value overnight.,C. Return on investment (ROI),C. Max out payments (within budget) on the highest interest loan,B. You can file for bankruptcy to erase the debt,"B. Credit history, equity, financial assets, and debt-to-income ratio","B. Interest rate charged, D. Loan duration",C. You need to earn 3% more in net income just to maintain your current standard of living,
0265,4 / 12,Sophomore (10th),No,,4,2,C. Open a basic savings account to begin earning interest.,"B. Direct deposit for paychecks, automated bill payments, auto-transfers to savings, and a budgeting app or platform",D. Both A and B,C. Pay the maximum you can afford on the card with the highest interest rate.,"A. $141,598.","A. You could lose all your stock investment, and real estate losses can exceed your initial amount",B. Dollar-cost averaging for student debt,C. Max out payments (within budget) on the highest interest loan,A. The loan holder can take legal action against you,"B. Credit history, equity, financial assets, and debt-to-income ratio",C. Annual Percentage Rate (APR),B. Retirement accounts like 401(k)s automatically account for inflation by 3%,
0266,3 / 12,Sophomore (10th),No,,5,4,"A. Define your life, career, and financial goals in writing",A. Using a spreadsheet to list bills and writing down a monthly budget.,D. Both A and B,A. Pay a little more than the minimum monthly amount across all your credit cards.,D. None of the above.,"E. A, C, and D.",C. Return on investment (ROI),A. Make slightly higher payments than the minimum on all your loans,C. The government may take your state and federal tax refunds to pay off your student loans,"D. Liquidity, credit history, asset report scoring, and debt load",A. Annual Percentage Yield (APY),D. You need to grow your savings by 3% every year to keep pace,
0267,1 / 12,Sophomore (10th),No,,5,3,C. Open a basic savings account to begin earning interest.,"B. Direct deposit for paychecks, automated bill payments, auto-transfers to savings, and a budgeting app or platform",D. Both A and B,E. Not sure,"B. Between $150,000–$225,000, depending on circumstances.","B. Losses are capped at 20% across stocks and real estate, so if you invest $10,000, the most you can lose is $2,000.",D. All of the above,A. Make slightly higher payments than the minimum on all your loans,C. The government may take your state and federal tax refunds to pay off your student loans,"A. Credit score, available savings, educational background, and job history","A. Annual Percentage Yield (APY), B. Interest rate charged, C. Annual Percentage Rate (APR), D. Loan duration",E. Not sure,
0268,1 / 12,Sophomore (10th),Yes,"I’m with grade I took a class on finance and baking, and this year I took a marketing class",4,4,D. Review your credit score and payment history,"B. Direct deposit for paychecks, automated bill payments, auto-transfers to savings, and a budgeting app or platform",D. Both A and B,A. Pay a little more than the minimum monthly amount across all your credit cards.,D. None of the above.,"A. You could lose all your stock investment, and real estate losses can exceed your initial amount",B. Dollar-cost averaging for student debt,A. Make slightly higher payments than the minimum on all your loans,C. The government may take your state and federal tax refunds to pay off your student loans,"C. Home equity, cash flow, asset reports, and debt-to-liquidity ratio","B. Interest rate charged, C. Annual Percentage Rate (APR)",B. Retirement accounts like 401(k)s automatically account for inflation by 3%,
0269,7 / 12,Sophomore (10th),No,,5,2,"A. Define your life, career, and financial goals in writing","B. Direct deposit for paychecks, automated bill payments, auto-transfers to savings, and a budgeting app or platform","B. Create a plan with a working budget, emergency fund, and repayment strategy.",B. Pay off the smallest balance first to gain momentum.,"B. Between $150,000–$225,000, depending on circumstances.","E. A, C, and D.",D. All of the above,B. Target the smallest outstanding balances first to knock them out,D. A and C,"B. Credit history, equity, financial assets, and debt-to-income ratio","A. Annual Percentage Yield (APY), B. Interest rate charged, C. Annual Percentage Rate (APR), D. Loan duration",C. You need to earn 3% more in net income just to maintain your current standard of living,
0270,4 / 12,Sophomore (10th),No,,3,2,"A. Define your life, career, and financial goals in writing",A. Using a spreadsheet to list bills and writing down a monthly budget.,"B. Create a plan with a working budget, emergency fund, and repayment strategy.",B. Pay off the smallest balance first to gain momentum.,"A. $141,598.","E. A, C, and D.",C. Return on investment (ROI),B. Target the smallest outstanding balances first to knock them out,A. The loan holder can take legal action against you,"D. Liquidity, credit history, asset report scoring, and debt load",B. Interest rate charged,D. You need to grow your savings by 3% every year to keep pace,N/A
0271,2 / 12,Freshman (9th),No,,3,5,C. Open a basic savings account to begin earning interest.,A. Using a spreadsheet to list bills and writing down a monthly budget.,D. Both A and B,A. Pay a little more than the minimum monthly amount across all your credit cards.,"B. Between $150,000–$225,000, depending on circumstances.","A. You could lose all your stock investment, and real estate losses can exceed your initial amount",B. Dollar-cost averaging for student debt,D. Max out payments on the loan with the highest overall balance,D. A and C,"C. Home equity, cash flow, asset reports, and debt-to-liquidity ratio","A. Annual Percentage Yield (APY), C. Annual Percentage Rate (APR)",C. You need to earn 3% more in net income just to maintain your current standard of living,
0272,6 / 12,Freshman (9th),No,,4,2,"A. Define your life, career, and financial goals in writing",D. Avoid automating anything—manual tracking is more accurate,D. Both A and B,C. Pay the maximum you can afford on the card with the highest interest rate.,"B. Between $150,000–$225,000, depending on circumstances.","E. A, C, and D.",C. Return on investment (ROI),C. Max out payments (within budget) on the highest interest loan,E. All of the Above,"B. Credit history, equity, financial assets, and debt-to-income ratio","B. Interest rate charged, C. Annual Percentage Rate (APR)","A. Stocks, bonds, and mutual funds will automatically adjust by 3% to match inflation",
0273,2 / 12,Freshman (9th),No,,3,3,B. Start buying stocks as early as possible.,A. Using a spreadsheet to list bills and writing down a monthly budget.,D. Both A and B,E. Not sure,C. Over $1.5 million.,"A. You could lose all your stock investment, and real estate losses can exceed your initial amount",D. All of the above,D. Max out payments on the loan with the highest overall balance,E. All of the Above,"B. Credit history, equity, financial assets, and debt-to-income ratio",C. Annual Percentage Rate (APR),B. Retirement accounts like 401(k)s automatically account for inflation by 3%,No
0274,6 / 12,Freshman (9th),No,,4,2,"A. Define your life, career, and financial goals in writing","B. Direct deposit for paychecks, automated bill payments, auto-transfers to savings, and a budgeting app or platform","B. Create a plan with a working budget, emergency fund, and repayment strategy.",A. Pay a little more than the minimum monthly amount across all your credit cards.,"B. Between $150,000–$225,000, depending on circumstances.","B. Losses are capped at 20% across stocks and real estate, so if you invest $10,000, the most you can lose is $2,000.",C. Return on investment (ROI),C. Max out payments (within budget) on the highest interest loan,D. A and C,"C. Home equity, cash flow, asset reports, and debt-to-liquidity ratio",C. Annual Percentage Rate (APR),"A. Stocks, bonds, and mutual funds will automatically adjust by 3% to match inflation",No
0275,5 / 12,Freshman (9th),No,,5,4,"A. Define your life, career, and financial goals in writing","B. Direct deposit for paychecks, automated bill payments, auto-transfers to savings, and a budgeting app or platform",D. Both A and B,A. Pay a little more than the minimum monthly amount across all your credit cards.,C. Over $1.5 million.,"E. A, C, and D.",D. All of the above,A. Make slightly higher payments than the minimum on all your loans,A. The loan holder can take legal action against you,"B. Credit history, equity, financial assets, and debt-to-income ratio","A. Annual Percentage Yield (APY), B. Interest rate charged, C. Annual Percentage Rate (APR), D. Loan duration","A. Stocks, bonds, and mutual funds will automatically adjust by 3% to match inflation",
0276,6 / 12,Freshman (9th),No,,4,2,C. Open a basic savings account to begin earning interest.,"B. Direct deposit for paychecks, automated bill payments, auto-transfers to savings, and a budgeting app or platform","B. Create a plan with a working budget, emergency fund, and repayment strategy.",B. Pay off the smallest balance first to gain momentum.,"B. Between $150,000–$225,000, depending on circumstances.","E. A, C, and D.",D. All of the above,B. Target the smallest outstanding balances first to knock them out,D. A and C,"A. Credit score, available savings, educational background, and job history","B. Interest rate charged, D. Loan duration",C. You need to earn 3% more in net income just to maintain your current standard of living,No
0277,4 / 12,Freshman (9th),No,,4,4,"A. Define your life, career, and financial goals in writing",A. Using a spreadsheet to list bills and writing down a monthly budget.,D. Both A and B,E. Not sure,"B. Between $150,000–$225,000, depending on circumstances.","E. A, C, and D.",D. All of the above,C. Max out payments (within budget) on the highest interest loan,E. All of the Above,"B. Credit history, equity, financial assets, and debt-to-income ratio","C. Annual Percentage Rate (APR), D. Loan duration",E. Not sure,
0278,6 / 12,Freshman (9th),Yes,In 8th grade FACS (family and consumer sciences) we talked briefly about budgeting.,5,2,"A. Define your life, career, and financial goals in writing","B. Direct deposit for paychecks, automated bill payments, auto-transfers to savings, and a budgeting app or platform",D. Both A and B,A. Pay a little more than the minimum monthly amount across all your credit cards.,"B. Between $150,000–$225,000, depending on circumstances.","E. A, C, and D.",D. All of the above,A. Make slightly higher payments than the minimum on all your loans,D. A and C,"B. Credit history, equity, financial assets, and debt-to-income ratio",C. Annual Percentage Rate (APR),C. You need to earn 3% more in net income just to maintain your current standard of living,
0279,4 / 12,Freshman (9th),No,,4,2,C. Open a basic savings account to begin earning interest.,A. Using a spreadsheet to list bills and writing down a monthly budget.,D. Both A and B,A. Pay a little more than the minimum monthly amount across all your credit cards.,"B. Between $150,000–$225,000, depending on circumstances.","E. A, C, and D.",D. All of the above,C. Max out payments (within budget) on the highest interest loan,D. A and C,"A. Credit score, available savings, educational background, and job history","B. Interest rate charged, C. Annual Percentage Rate (APR), D. Loan duration",C. You need to earn 3% more in net income just to maintain your current standard of living,no
0280,3 / 12,Freshman (9th),No,N/A,5,5,C. Open a basic savings account to begin earning interest.,"B. Direct deposit for paychecks, automated bill payments, auto-transfers to savings, and a budgeting app or platform",D. Both A and B,E. Not sure,D. None of the above.,"E. A, C, and D.",D. All of the above,B. Target the smallest outstanding balances first to knock them out,E. All of the Above,"A. Credit score, available savings, educational background, and job history",C. Annual Percentage Rate (APR),C. You need to earn 3% more in net income just to maintain your current standard of living,N/A
0281,6 / 12,Freshman (9th),Yes,My parents and internet have taught me a lot about financial literacy.,5,5,"A. Define your life, career, and financial goals in writing","B. Direct deposit for paychecks, automated bill payments, auto-transfers to savings, and a budgeting app or platform",D. Both A and B,C. Pay the maximum you can afford on the card with the highest interest rate.,D. None of the above.,"E. A, C, and D.",D. All of the above,C. Max out payments (within budget) on the highest interest loan,E. All of the Above,"B. Credit history, equity, financial assets, and debt-to-income ratio",C. Annual Percentage Rate (APR),B. Retirement accounts like 401(k)s automatically account for inflation by 3%,
0282,4 / 12,Freshman (9th),No,No answer,5,3,C. Open a basic savings account to begin earning interest.,D. Avoid automating anything—manual tracking is more accurate,"B. Create a plan with a working budget, emergency fund, and repayment strategy.",B. Pay off the smallest balance first to gain momentum.,D. None of the above.,"A. You could lose all your stock investment, and real estate losses can exceed your initial amount",C. Return on investment (ROI),A. Make slightly higher payments than the minimum on all your loans,D. A and C,"A. Credit score, available savings, educational background, and job history",C. Annual Percentage Rate (APR),C. You need to earn 3% more in net income just to maintain your current standard of living,No
0283,3 / 12,Freshman (9th),No,,4,2,"A. Define your life, career, and financial goals in writing","B. Direct deposit for paychecks, automated bill payments, auto-transfers to savings, and a budgeting app or platform","B. Create a plan with a working budget, emergency fund, and repayment strategy.",A. Pay a little more than the minimum monthly amount across all your credit cards.,"B. Between $150,000–$225,000, depending on circumstances.","B. Losses are capped at 20% across stocks and real estate, so if you invest $10,000, the most you can lose is $2,000.",B. Dollar-cost averaging for student debt,A. Make slightly higher payments than the minimum on all your loans,A. The loan holder can take legal action against you,"C. Home equity, cash flow, asset reports, and debt-to-liquidity ratio",A. Annual Percentage Yield (APY),"A. Stocks, bonds, and mutual funds will automatically adjust by 3% to match inflation",
0284,4 / 12,Freshman (9th),Not sure,8th grade learning how to do taxes.,5,3,"A. Define your life, career, and financial goals in writing","B. Direct deposit for paychecks, automated bill payments, auto-transfers to savings, and a budgeting app or platform",D. Both A and B,E. Not sure,D. None of the above.,"E. A, C, and D.",B. Dollar-cost averaging for student debt,A. Make slightly higher payments than the minimum on all your loans,D. A and C,"D. Liquidity, credit history, asset report scoring, and debt load",A. Annual Percentage Yield (APY),E. Not sure,
0285,4 / 12,Freshman (9th),No,N/A,5,2,"A. Define your life, career, and financial goals in writing","B. Direct deposit for paychecks, automated bill payments, auto-transfers to savings, and a budgeting app or platform",D. Both A and B,E. Not sure,D. None of the above.,"E. A, C, and D.",D. All of the above,A. Make slightly higher payments than the minimum on all your loans,D. A and C,"A. Credit score, available savings, educational background, and job history","C. Annual Percentage Rate (APR), D. Loan duration",E. Not sure,I think that more schools (middle schools and high schools) should incooperate content like this into their curriculum. 
0286,5 / 12,Freshman (9th),Yes,About getting jobs and handling money,5,3,C. Open a basic savings account to begin earning interest.,"B. Direct deposit for paychecks, automated bill payments, auto-transfers to savings, and a budgeting app or platform",D. Both A and B,B. Pay off the smallest balance first to gain momentum.,C. Over $1.5 million.,"E. A, C, and D.",D. All of the above,A. Make slightly higher payments than the minimum on all your loans,D. A and C,"A. Credit score, available savings, educational background, and job history",B. Interest rate charged,C. You need to earn 3% more in net income just to maintain your current standard of living,
0287,10 / 12,Freshman (9th),Yes,In 8th grade we had a brief course on personal finance,5,2,"A. Define your life, career, and financial goals in writing","B. Direct deposit for paychecks, automated bill payments, auto-transfers to savings, and a budgeting app or platform",D. Both A and B,C. Pay the maximum you can afford on the card with the highest interest rate.,C. Over $1.5 million.,"E. A, C, and D.",A. College feasibility test,C. Max out payments (within budget) on the highest interest loan,D. A and C,"B. Credit history, equity, financial assets, and debt-to-income ratio","B. Interest rate charged, D. Loan duration",C. You need to earn 3% more in net income just to maintain your current standard of living,"While I did take an 8th grade course, it didn't go too in-depth or really force us to learn the information well, so I didn't take much away from that particular class."
0288,6 / 12,Freshman (9th),No,,5,4,"A. Define your life, career, and financial goals in writing",D. Avoid automating anything—manual tracking is more accurate,"B. Create a plan with a working budget, emergency fund, and repayment strategy.",C. Pay the maximum you can afford on the card with the highest interest rate.,C. Over $1.5 million.,"E. A, C, and D.",D. All of the above,B. Target the smallest outstanding balances first to knock them out,E. All of the Above,"B. Credit history, equity, financial assets, and debt-to-income ratio",C. Annual Percentage Rate (APR),D. You need to grow your savings by 3% every year to keep pace,
0289,7 / 12,Senior (12th),Yes,,5,5,"A. Define your life, career, and financial goals in writing","B. Direct deposit for paychecks, automated bill payments, auto-transfers to savings, and a budgeting app or platform",D. Both A and B,A. Pay a little more than the minimum monthly amount across all your credit cards.,C. Over $1.5 million.,"E. A, C, and D.",C. Return on investment (ROI),C. Max out payments (within budget) on the highest interest loan,C. The government may take your state and federal tax refunds to pay off your student loans,"A. Credit score, available savings, educational background, and job history","C. Annual Percentage Rate (APR), D. Loan duration",C. You need to earn 3% more in net income just to maintain your current standard of living,
0290,9 / 12,Senior (12th),No,,5,5,"A. Define your life, career, and financial goals in writing","B. Direct deposit for paychecks, automated bill payments, auto-transfers to savings, and a budgeting app or platform",D. Both A and B,C. Pay the maximum you can afford on the card with the highest interest rate.,"A. $141,598.","E. A, C, and D.",C. Return on investment (ROI),C. Max out payments (within budget) on the highest interest loan,D. A and C,"B. Credit history, equity, financial assets, and debt-to-income ratio","B. Interest rate charged, C. Annual Percentage Rate (APR), D. Loan duration",C. You need to earn 3% more in net income just to maintain your current standard of living,
0291,5 / 12,Senior (12th),Not sure,,5,3,"A. Define your life, career, and financial goals in writing","B. Direct deposit for paychecks, automated bill payments, auto-transfers to savings, and a budgeting app or platform",D. Both A and B,C. Pay the maximum you can afford on the card with the highest interest rate.,"B. Between $150,000–$225,000, depending on circumstances.","E. A, C, and D.",D. All of the above,C. Max out payments (within budget) on the highest interest loan,E. All of the Above,"D. Liquidity, credit history, asset report scoring, and debt load",D. Loan duration,D. You need to grow your savings by 3% every year to keep pace,
0292,10 / 12,Senior (12th),No,,5,2,"A. Define your life, career, and financial goals in writing","B. Direct deposit for paychecks, automated bill payments, auto-transfers to savings, and a budgeting app or platform",D. Both A and B,C. Pay the maximum you can afford on the card with the highest interest rate.,C. Over $1.5 million.,"E. A, C, and D.",C. Return on investment (ROI),C. Max out payments (within budget) on the highest interest loan,D. A and C,"B. Credit history, equity, financial assets, and debt-to-income ratio","A. Annual Percentage Yield (APY), B. Interest rate charged, D. Loan duration",C. You need to earn 3% more in net income just to maintain your current standard of living,
0293,8 / 12,Senior (12th),Yes,Took a financial literacy course during my sophomore year.,4,3,"A. Define your life, career, and financial goals in writing","B. Direct deposit for paychecks, automated bill payments, auto-transfers to savings, and a budgeting app or platform",D. Both A and B,C. Pay the maximum you can afford on the card with the highest interest rate.,C. Over $1.5 million.,"E. A, C, and D.",D. All of the above,C. Max out payments (within budget) on the highest interest loan,D. A and C,"A. Credit score, available savings, educational background, and job history","A. Annual Percentage Yield (APY), C. Annual Percentage Rate (APR)",C. You need to earn 3% more in net income just to maintain your current standard of living,
0294,5 / 12,Junior (11th),No,,4,2,"A. Define your life, career, and financial goals in writing",A. Using a spreadsheet to list bills and writing down a monthly budget.,"B. Create a plan with a working budget, emergency fund, and repayment strategy.",C. Pay the maximum you can afford on the card with the highest interest rate.,D. None of the above.,"A. You could lose all your stock investment, and real estate losses can exceed your initial amount",D. All of the above,C. Max out payments (within budget) on the highest interest loan,D. A and C,"D. Liquidity, credit history, asset report scoring, and debt load","B. Interest rate charged, C. Annual Percentage Rate (APR), D. Loan duration",D. You need to grow your savings by 3% every year to keep pace,
0295,6 / 12,Senior (12th),Yes,Financial literacy all aspects of finance primarily investing and loans. ,3,5,C. Open a basic savings account to begin earning interest.,A. Using a spreadsheet to list bills and writing down a monthly budget.,"B. Create a plan with a working budget, emergency fund, and repayment strategy.",A. Pay a little more than the minimum monthly amount across all your credit cards.,"A. $141,598.","E. A, C, and D.",D. All of the above,A. Make slightly higher payments than the minimum on all your loans,D. A and C,"B. Credit history, equity, financial assets, and debt-to-income ratio","B. Interest rate charged, D. Loan duration",C. You need to earn 3% more in net income just to maintain your current standard of living,No thanks. 
0296,7 / 12,Senior (12th),No,,4,3,C. Open a basic savings account to begin earning interest.,"B. Direct deposit for paychecks, automated bill payments, auto-transfers to savings, and a budgeting app or platform","B. Create a plan with a working budget, emergency fund, and repayment strategy.",B. Pay off the smallest balance first to gain momentum.,C. Over $1.5 million.,"E. A, C, and D.",D. All of the above,B. Target the smallest outstanding balances first to knock them out,D. A and C,"B. Credit history, equity, financial assets, and debt-to-income ratio","A. Annual Percentage Yield (APY), B. Interest rate charged, C. Annual Percentage Rate (APR), D. Loan duration",C. You need to earn 3% more in net income just to maintain your current standard of living,"I think it’s a little bit irrational that 18 year olds are allowed to get credit cards when most of them (I assume) have not have formal education on financial literacy. I say this out of personal experience, as I’m literally allowed to get a credit card in less than 2 months and I barely knew any of the questions in that quiz. However, I am taking a personal finance class in school this year!"
0297,6 / 12,Senior (12th),No,,5,3,"A. Define your life, career, and financial goals in writing","B. Direct deposit for paychecks, automated bill payments, auto-transfers to savings, and a budgeting app or platform",A. Take out a student loan or credit card and make all payments on time.,A. Pay a little more than the minimum monthly amount across all your credit cards.,"B. Between $150,000–$225,000, depending on circumstances.","E. A, C, and D.",D. All of the above,A. Make slightly higher payments than the minimum on all your loans,D. A and C,"B. Credit history, equity, financial assets, and debt-to-income ratio","A. Annual Percentage Yield (APY), B. Interest rate charged, C. Annual Percentage Rate (APR), D. Loan duration",C. You need to earn 3% more in net income just to maintain your current standard of living,
0298,3 / 12,Senior (12th),Yes,Junior Seminar - Financial Literacy + College Finance,5,3,C. Open a basic savings account to begin earning interest.,A. Using a spreadsheet to list bills and writing down a monthly budget.,D. Both A and B,A. Pay a little more than the minimum monthly amount across all your credit cards.,"B. Between $150,000–$225,000, depending on circumstances.","E. A, C, and D.",D. All of the above,B. Target the smallest outstanding balances first to knock them out,D. A and C,"B. Credit history, equity, financial assets, and debt-to-income ratio","A. Annual Percentage Yield (APY), C. Annual Percentage Rate (APR)","A. Stocks, bonds, and mutual funds will automatically adjust by 3% to match inflation",
0299,4 / 12,Senior (12th),Yes,taxes and loans ,5,3,C. Open a basic savings account to begin earning interest.,A. Using a spreadsheet to list bills and writing down a monthly budget.,D. Both A and B,A. Pay a little more than the minimum monthly amount across all your credit cards.,D. None of the above.,"E. A, C, and D.",D. All of the above,A. Make slightly higher payments than the minimum on all your loans,D. A and C,"B. Credit history, equity, financial assets, and debt-to-income ratio",C. Annual Percentage Rate (APR),C. You need to earn 3% more in net income just to maintain your current standard of living,no
0300,6 / 12,Senior (12th),No,,4,2,C. Open a basic savings account to begin earning interest.,"B. Direct deposit for paychecks, automated bill payments, auto-transfers to savings, and a budgeting app or platform",D. Both A and B,B. Pay off the smallest balance first to gain momentum.,D. None of the above.,"E. A, C, and D.",C. Return on investment (ROI),B. Target the smallest outstanding balances first to knock them out,D. A and C,"B. Credit history, equity, financial assets, and debt-to-income ratio","A. Annual Percentage Yield (APY), B. Interest rate charged, C. Annual Percentage Rate (APR), D. Loan duration",C. You need to earn 3% more in net income just to maintain your current standard of living,no
0301,5 / 12,Senior (12th),Yes,junior seminar and post secondary counselor were helping me with the post secondary process,5,2,D. Review your credit score and payment history,A. Using a spreadsheet to list bills and writing down a monthly budget.,D. Both A and B,E. Not sure,"B. Between $150,000–$225,000, depending on circumstances.","E. A, C, and D.",C. Return on investment (ROI),B. Target the smallest outstanding balances first to knock them out,D. A and C,"B. Credit history, equity, financial assets, and debt-to-income ratio","A. Annual Percentage Yield (APY), B. Interest rate charged, D. Loan duration",C. You need to earn 3% more in net income just to maintain your current standard of living,
0302,9 / 12,Senior (12th),No,,4,4,"A. Define your life, career, and financial goals in writing","B. Direct deposit for paychecks, automated bill payments, auto-transfers to savings, and a budgeting app or platform","B. Create a plan with a working budget, emergency fund, and repayment strategy.",C. Pay the maximum you can afford on the card with the highest interest rate.,"B. Between $150,000–$225,000, depending on circumstances.","E. A, C, and D.",C. Return on investment (ROI),C. Max out payments (within budget) on the highest interest loan,A. The loan holder can take legal action against you,"A. Credit score, available savings, educational background, and job history","B. Interest rate charged, D. Loan duration",C. You need to earn 3% more in net income just to maintain your current standard of living,
0303,5 / 12,Freshman (9th),No,,5,3,D. Review your credit score and payment history,A. Using a spreadsheet to list bills and writing down a monthly budget.,D. Both A and B,B. Pay off the smallest balance first to gain momentum.,"A. $141,598.","E. A, C, and D.",D. All of the above,C. Max out payments (within budget) on the highest interest loan,D. A and C,"B. Credit history, equity, financial assets, and debt-to-income ratio","B. Interest rate charged, C. Annual Percentage Rate (APR), D. Loan duration",C. You need to earn 3% more in net income just to maintain your current standard of living,
0304,8 / 12,Junior (11th),No,,5,3,"A. Define your life, career, and financial goals in writing","B. Direct deposit for paychecks, automated bill payments, auto-transfers to savings, and a budgeting app or platform",D. Both A and B,A. Pay a little more than the minimum monthly amount across all your credit cards.,D. None of the above.,"E. A, C, and D.",C. Return on investment (ROI),C. Max out payments (within budget) on the highest interest loan,D. A and C,"B. Credit history, equity, financial assets, and debt-to-income ratio",B. Interest rate charged,C. You need to earn 3% more in net income just to maintain your current standard of living,
0305,9 / 12,Junior (11th),No,,5,2,"A. Define your life, career, and financial goals in writing","B. Direct deposit for paychecks, automated bill payments, auto-transfers to savings, and a budgeting app or platform",D. Both A and B,E. Not sure,C. Over $1.5 million.,"E. A, C, and D.",C. Return on investment (ROI),C. Max out payments (within budget) on the highest interest loan,D. A and C,"B. Credit history, equity, financial assets, and debt-to-income ratio","A. Annual Percentage Yield (APY), B. Interest rate charged, D. Loan duration",C. You need to earn 3% more in net income just to maintain your current standard of living,